repeats,epochs,batch,output_dims,output_model,tasks,height,width,unitsize,lines,control.cpu_cycles,managed-no-prefetch.cpu_cycles,managed-prefetch.cpu_cycles,proto-no-prefetch.cpu_cycles,proto-prefetch.cpu_cycles,coro-no-prefetch.cpu_cycles,coro-prefetch.cpu_cycles,control.instructions,managed-no-prefetch.instructions,managed-prefetch.instructions,proto-no-prefetch.instructions,proto-prefetch.instructions,coro-no-prefetch.instructions,coro-prefetch.instructions,control.d_cache_reads,managed-no-prefetch.d_cache_reads,managed-prefetch.d_cache_reads,proto-no-prefetch.d_cache_reads,proto-prefetch.d_cache_reads,coro-no-prefetch.d_cache_reads,coro-prefetch.d_cache_reads,control.d_cache_misses,managed-no-prefetch.d_cache_misses,managed-prefetch.d_cache_misses,proto-no-prefetch.d_cache_misses,proto-prefetch.d_cache_misses,coro-no-prefetch.d_cache_misses,coro-prefetch.d_cache_misses
10,2,10,2,0,2,400,64,2,6,3321578,3144061,3213943,3200008,3265868,3223577,3279720,11400928,10710766,11138729,10924448,11404168,11028845,11444837,88048,88464,87195,89536,88488,90109,89176,22698,22806,22773,22585,22567,22693,23023
10,2,10,2,0,2,400,68,2,7,3347069,3154638,3148519,3192912,3188086,3215306,3213826,10971088,10137646,10645609,10351328,10911048,10455725,10951717,91259,91630,87103,91792,87938,93325,89242,25992,26013,25672,26200,25840,25671,25394
10,2,10,2,0,2,400,72,2,7,3666740,3432180,3507816,3474211,3537140,3499925,3562081,12499408,11665966,12173929,11879648,12439368,11984045,12480037,97977,100182,97727,98960,98297,100616,98816,26202,25905,26017,26356,25947,26061,26201
10,2,10,2,0,2,400,76,2,8,3614500,3390767,3388333,3422117,3419879,3447004,3447424,12069568,11092846,11392809,11306528,11650248,11410925,11690917,103386,103824,100420,105195,100510,105712,100459,28735,28875,28442,28497,28901,28510,28972
10,2,10,2,0,2,400,80,2,8,3960200,3707100,3741229,3763044,3797346,3785317,3803065,13597888,12621165,12921129,12834848,13178568,12939245,13219237,111677,112043,108685,112207,109139,112614,109810,29319,29406,29457,29441,29554,29540,29596
10,2,10,2,0,2,400,84,2,8,3915820,3664987,3689876,3704155,3726617,3728445,3743730,13168048,12048046,12348009,12261728,12605448,12366125,12646117,115619,115806,113420,116032,114044,115362,111959,32319,32269,32323,32255,32373,33343,33691
10,2,10,2,0,2,400,88,2,9,4273625,3999026,4034074,4054672,4077105,4074464,4082627,14696368,13576366,13948329,13790048,14205768,13894445,14246437,123076,123413,119935,123625,120907,122806,121597,33437,33364,33467,33500,33437,34192,34026
10,2,10,2,0,2,400,92,2,9,4230332,3931843,3957283,3971556,4006057,3989305,4030067,14266528,13003246,13375209,13216928,13632648,13321325,13673317,123645,125926,123327,127593,125061,128445,124190,36167,35728,35792,35242,35235,35774,36269
10,2,10,2,0,2,400,96,2,9,4645225,4335485,4333043,4375004,4388872,4386985,4397015,15794848,14531566,14903529,14745248,15160968,14849645,15201637,131161,131547,127334,133553,129565,134209,129355,37976,37913,37591,37592,36995,37479,37295
10,2,10,2,0,2,400,100,2,10,4575171,4234200,4243414,4268676,4291430,4289998,4310358,15365008,13958446,14410409,14172128,14667848,14276525,14708517,136533,136379,130958,137112,133602,139604,134349,40566,41217,40488,40786,40060,39946,39631
10,2,10,2,0,2,400,104,2,10,4926858,4553565,4598238,4601604,4636157,4615883,4642138,16893328,15486766,15938729,15700448,16196168,15804845,16236837,143807,142684,137358,144850,141258,147093,142221,41420,42124,42250,41455,40770,40711,40932
10,2,10,2,0,2,400,108,2,11,4865113,4488377,4533839,4530861,4573475,4539509,4590645,16463488,14913646,15405609,15127328,15663048,15231725,15703717,149509,150304,140280,150288,142736,150901,143793,41794,42310,42785,41616,42259,42202,41811
10,2,10,2,0,2,400,112,2,11,5281778,4824250,4872287,4887649,4936953,4907724,4932465,17991808,16441966,16933929,16655648,17191368,16760045,17232037,153951,154617,144711,154413,145200,155243,145818,45137,45048,44428,44995,44633,45058,44860
10,2,10,2,0,2,400,116,2,11,5229795,4820263,4857727,4854828,4891167,4879261,4896596,17561968,15868846,16360809,16082528,16618248,16186925,16658917,158643,159284,153941,161104,156328,161973,157258,47758,48318,48272,47388,47503,47887,47820
10,2,10,2,0,2,400,120,2,12,5605157,5130640,5156462,5216423,5245957,5224762,5229661,19090288,17397166,17929129,17610848,18186568,17715245,18227237,164339,168868,159332,169003,161684,170112,161501,50912,48901,48159,48936,48467,49077,49862
10,2,10,2,0,2,400,124,2,12,5556649,5068955,5113451,5101725,5146945,5125793,5210687,18660448,16824046,17356009,17037728,17613448,17142125,17654117,170611,171274,162275,171467,163970,172428,163311,50163,50068,50016,49856,49715,50667,50364
10,2,10,2,0,2,400,128,2,12,6041397,5721140,5780680,5778223,5828852,5796809,5836657,20188768,18352366,18884329,18566048,19141768,18670445,19182437,168485,169153,160109,171304,162545,171926,161982,54763,54458,53654,53457,53080,53738,54209
10,2,10,2,0,2,400,132,2,13,5931554,5417265,5432722,5449171,5443019,5467391,5486880,19758928,17779246,18391209,17992928,18648648,18097325,18689317,172742,171579,160696,175940,163610,176820,164287,58303,59152,56549,56979,55362,57215,55527
10,2,10,2,0,2,400,136,2,13,6242711,5688764,5798672,5717169,5790591,5752234,5790145,21287248,19307566,19919529,19521248,20176968,19625645,20217637,188484,186590,173712,191436,181716,192308,182815,57624,58274,57234,56444,56327,56537,56427
10,2,10,2,0,2,400,140,2,14,6286829,5717717,5700169,5735411,5741010,5771602,5756747,20857408,18734446,19386409,18948128,19643848,19052525,19684517,188177,185830,169473,188824,173005,191768,175823,60247,61363,59623,60619,59914,59294,58703
10,2,10,2,0,2,400,144,2,14,6550958,5971435,6095041,6022730,6093040,6064453,6091899,22385728,20262766,20914729,20476448,21172168,20580845,21212837,192927,196079,177072,198553,183613,199492,183296,62395,61625,60586,60765,60645,60806,61519
10,2,10,2,0,2,400,148,2,14,6561294,6009673,6036002,6049637,6071492,6071709,6078216,21955888,19689646,20341609,19903328,20599048,20007725,20639717,201246,202154,187714,204953,188272,202985,188788,62596,62983,62025,62160,62216,63281,62048
10,2,10,2,0,2,400,152,2,15,6873640,6273390,6308583,6301707,6408976,6328778,6356896,23484208,21217966,21909929,21431648,22167368,21536045,22208037,214002,214018,196370,211820,200135,212550,203951,63538,63244,62878,64155,63629,64191,62962
10,2,10,2,0,2,400,156,2,15,7046973,6396328,6310255,6432004,6337878,6455233,6355079,23054368,20644846,21336809,20858528,21594248,20962925,21634917,211223,211834,194366,214670,194873,215503,196247,68148,67924,66023,67083,67249,67438,67714
10,2,10,2,0,2,400,160,2,15,7222271,6576663,6664295,6592775,6696399,6632560,6675882,24582688,22173166,22865129,22386848,23122568,22491245,23163237,222605,223084,212505,223565,216370,224393,212442,69261,68892,68574,69257,67211,69150,69129
10,2,10,2,0,2,400,164,2,16,7354278,6750820,6713365,6764358,6724402,6783069,6725390,24152848,21600046,22108009,21813728,22365448,21918125,22406117,223033,226253,203035,229377,208953,226994,207094,72659,71061,68303,69922,70536,71100,72456
10,2,10,2,0,2,400,168,2,16,7628052,7019886,7084200,7052780,7063228,7071403,7079264,25681168,23128366,23636329,23342048,23893768,23446445,23934437,233229,234095,214575,234330,221468,238174,222594,73534,73254,70459,73042,71503,72093,72239
10,2,10,2,0,2,400,172,2,17,7599201,6965160,6987883,6984407,7018864,7014041,7041203,25251328,22555246,23135209,22768928,23392648,22873325,23433317,239240,242735,219621,243048,225403,243920,225515,76572,74941,70008,74647,73657,74739,74408
10,2,10,2,0,2,400,176,2,17,8126675,7500257,7392258,7529610,7426266,7548380,7441035,26779648,24083566,24663529,24297248,24920968,24401645,24961637,241185,241292,219759,244556,222267,245199,223522,80807,81504,76082,79918,79126,80004,78599
10,2,10,2,0,2,400,180,2,17,7935691,7291256,7315030,7330569,7329136,7334890,7341073,26349808,23510446,24090409,23724128,24347848,23828525,24388517,242493,245989,228161,249494,227792,250212,231488,83168,81134,77815,79891,81194,80098,79831
10,2,10,2,0,2,400,184,2,18,8261181,7561522,7603181,7640792,7648659,7651397,7657699,27878128,25038766,25658729,25252448,25916168,25356845,25956837,257000,257082,230281,257577,233332,251819,236641,80386,81169,76624,80520,79918,83517,79598
10,2,10,2,0,2,400,188,2,18,8285054,7583433,7613996,7622124,7627717,7641610,7641701,27448288,24465646,25085609,24679328,25343048,24783725,25383717,258119,258769,240619,258870,242888,259213,243730,86112,85793,80898,85872,84235,86104,84618
10,2,10,2,0,2,400,192,2,18,8822297,8118692,8032568,8114726,8070618,8136965,8101227,28976608,25993966,26613929,26207648,26871368,26312045,26912037,262978,263284,241754,266534,243802,267207,244447,89286,89474,83535,87510,86904,87510,86983
10,2,10,2,0,2,400,196,2,19,8620996,7872881,7911449,7892385,7905674,7928677,7938806,28546768,25420846,26120809,25634528,26378248,25738925,26418917,273391,274099,243911,270391,251898,274746,255317,89467,89878,85520,91198,88312,89884,87144
10,2,10,2,0,2,400,200,2,19,8946957,8181364,8285326,8240202,8272049,8263622,8242005,30075088,26949166,27649129,27162848,27906568,27267245,27947237,274395,274558,248708,275001,256680,279500,258880,92337,92074,87013,91951,89641,90372,89608
10,2,10,2,0,2,400,204,2,20,8911595,8151799,8180888,8177089,8197475,8213044,8214135,29645248,26376046,27116009,26589728,27373448,26694125,27414117,287773,288375,254068,285216,260185,289360,264031,90262,90084,85255,91820,88458,90301,87094
10,2,10,2,0,2,400,208,2,20,9285079,8441613,8543612,8518316,8563278,8563476,8571454,31173568,27904366,28644329,28118048,28901768,28222445,28942437,284069,284088,259391,288041,259753,289133,260992,94346,95169,87181,93108,90746,93337,90509
10,2,10,2,0,2,400,212,2,20,9290517,8512244,8556274,8536530,8539448,8552688,8561960,30743728,27331246,28071209,27544928,28328648,27649325,28369317,299973,299916,274573,300065,271868,297061,276538,95305,95282,89544,94900,95863,96735,93693
10,2,10,2,0,2,400,216,2,21,9604899,8752508,8791222,8820495,8835643,8832656,8846960,32272048,28859566,29639529,29073248,29896968,29177645,29937637,295769,299777,266788,300131,266495,297165,267918,99337,97829,91898,97533,96702,99530,96013
10,2,10,2,0,2,400,220,2,21,9614343,8777833,8813733,8802132,8812709,8806765,8841686,31842208,28286446,29066409,28500128,29323848,28604525,29364517,306426,302676,277739,306408,283110,311462,286649,100912,103543,94231,101031,97654,99450,95923
10,2,10,2,0,2,400,224,2,21,9942176,9079314,9169825,9127668,9149766,9141173,9184926,33370528,29814766,30594729,30028448,30852168,30132845,30892837,311769,308599,288264,316503,292233,317584,294499,103056,104026,96902,100236,99031,100153,98352
10,2,10,2,0,2,400,228,2,22,9887547,9072301,9088774,9100990,9048533,9117809,9053468,32940688,29241646,29845609,29455328,30103048,29559725,30151717,317932,322262,286364,322192,290777,323596,293034,105516,103390,98073,103195,100872,103507,100672
10,2,10,2,0,2,400,232,2,22,10256609,9317390,9439670,9370921,9361581,9383023,9396226,34469008,30769966,31373929,30983648,31631368,31088045,31680037,317715,318443,279722,314320,279290,319457,281437,108108,107099,101672,108764,104970,107244,102083
10,2,10,2,0,2,400,236,2,23,10234243,9316606,9365227,9408385,9318437,9399321,9328405,34039168,30196846,30840809,30410528,31098248,30514925,31146917,329173,333222,291201,328779,291556,325870,293736,109122,107176,100750,108514,106022,110435,104902
10,2,10,2,0,2,400,240,2,23,10648213,9710248,9757021,9750884,9682373,9743715,9695824,35567488,31725166,32369129,31938849,32626568,32043245,32675237,314213,319236,291981,323680,289943,324469,293073,118636,117339,105205,114838,110672,114780,110337
10,2,10,2,0,2,400,244,2,23,10734237,9748616,9757179,9788665,9705052,9814065,9726389,35137648,31152046,31796009,31365728,32053448,31470125,32102117,333716,337779,296457,337531,294100,338624,296417,113568,110952,104807,110628,109642,110769,107443
10,2,10,2,0,2,400,248,2,24,10913372,9937421,9948460,9963410,9908527,9978606,9932788,36665968,32680366,33100329,32894048,33357768,32998445,33406437,337329,346224,311552,351171,312769,352350,311134,120922,116627,106627,114392,108905,114719,110803
10,2,10,2,0,2,400,252,2,24,11155322,10137708,9969854,10193193,9937675,10211355,10090596,36236128,32107246,32527209,32320928,32784648,32425326,32833317,339395,339673,305146,343797,304279,344835,305621,121925,122400,109481,119126,113844,119960,114413
10,2,10,2,0,2,400,256,2,24,11239901,10230291,10506799,10325951,10469487,10279467,10489625,37764448,33635566,34055529,33849248,34312968,33953645,34361637,351025,351140,324473,350431,327296,355953,330690,121360,121155,116999,121061,117554,119485,116196
10,2,10,2,0,2,400,260,2,25,11349648,10327568,10325634,10375689,10265091,10403459,10317901,37334608,33062446,33626409,33276128,33883848,33380525,33924517,361722,362318,319661,366910,318606,367584,320841,121745,121416,111287,119145,114274,119289,113935
10,2,10,2,0,2,400,264,2,25,11599554,10541369,10641188,10586489,10595372,10597926,10621744,38862928,34590766,35154729,34804448,35412168,34908845,35452837,367761,372599,325637,368264,327804,373770,331236,124122,122195,114427,124125,116132,122297,114386
10,2,10,2,0,2,400,268,2,26,11904961,10686399,10540757,10699474,10465052,10735908,10535035,38433088,34017646,34621609,34231328,34879048,34335725,34919717,371642,367178,321486,376821,321394,377618,322975,127493,129901,115685,125188,119574,124877,119774
10,2,10,2,0,2,400,272,2,26,11911896,10835029,10931249,10938588,10890290,10934802,10900178,39961408,35545966,36149929,35759648,36407368,35864045,36448037,383530,383269,338475,383534,341478,384152,343213,126537,125893,118858,125805,120123,125824,120408
10,2,10,2,0,2,400,276,2,26,11905495,10838251,10941964,10852142,10867302,10917556,10903118,39531568,34972846,35576809,35186528,35834248,35290925,35874917,384456,384123,345125,384409,344444,385930,346853,130469,130829,118732,130840,122060,130842,120820
10,2,10,2,0,2,400,280,2,27,12362235,11194453,11177914,11231293,11112021,11266788,11107314,41059888,36501166,37145129,36714848,37402568,36819245,37443237,390786,390386,344781,390410,348842,396264,351060,133235,133917,121709,133669,124293,131065,124107
10,2,10,2,0,2,400,284,2,27,12299303,11159532,11183997,11205028,11113928,11230586,11161338,40630048,35928046,36572009,36141728,36829448,36246125,36870117,391782,391331,351824,396895,354738,398366,354023,137388,137963,122576,135210,125751,135380,127383
10,2,10,2,0,2,400,288,2,27,12750991,11678401,11618970,11608909,11498055,11599356,11536805,42158368,37456366,38100329,37670048,38357768,37774446,38398437,399202,399173,350086,394026,352032,400204,356107,137071,138073,125730,139974,128972,137986,126746
10,2,10,2,0,2,400,292,2,28,12602171,11475487,11544759,11450533,11424697,11487781,11457535,41728528,36883246,37607209,37096928,37864648,37201326,37905317,407236,407742,352479,407805,357459,413336,355966,137070,137875,124026,137398,126830,134854,127792
10,2,10,2,0,2,400,296,2,28,13277426,11900987,11887868,11944902,11799026,11999283,11809962,43256848,38411566,39135529,38625248,39392968,38729645,39433637,404854,405334,348903,405388,344612,411413,346602,143428,144047,127042,143747,133970,141396,132755
10,2,10,2,0,2,400,300,2,29,12901187,11658742,11786203,11754862,11656300,11715788,11695747,42827009,37838446,38602409,38052128,38859848,38156526,38900517,418508,418808,362915,423778,366888,424905,366955,142947,143367,128655,140620,131752,140179,134407
10,2,10,2,0,2,400,304,2,29,13256286,12047568,12121382,12162533,12095457,12194704,12114001,44355328,39366766,40130729,39580449,40388168,39684845,40428838,419116,419005,373550,419495,371042,425157,377175,147792,148873,132752,149259,138711,146426,135338
10,2,10,2,0,2,400,308,2,29,13456257,12079380,12198974,12181524,12062134,12144619,12101549,43925489,38793646,39557609,39007328,39815048,39111725,39855717,423897,424533,379517,430752,381122,430836,379738,150341,150409,132919,147354,136429,147727,137941
10,2,10,2,0,2,400,312,2,30,13633093,12263916,12390676,12357010,12280736,12381847,12291879,45453808,40321966,41125929,40535648,41383368,40640045,41424037,435122,440661,381966,440597,384345,435967,380991,148865,146477,132321,145985,136252,148988,138458
10,2,10,2,0,2,400,316,2,30,13709791,12463876,12368499,12514896,12248168,12556464,12319191,45023968,39748846,40552809,39962528,40810248,40066926,40850917,431485,437235,379918,442815,379204,443669,380949,154713,152163,134901,148724,140058,148327,138834
10,2,10,2,0,2,400,320,2,30,13898020,12584724,12815367,12628837,12756276,12634182,12768213,46552288,41277166,42081129,41490848,42338568,41595245,42379237,451398,451767,399753,452072,404837,453201,404462,149914,150387,137832,149702,135917,149687,137423
10,2,10,2,0,2,400,324,2,31,14081165,12645138,12780061,12699689,12612514,12692547,12638551,46122448,40704046,41588010,40917728,41845448,41022126,41886118,453610,457658,390237,453059,392119,458997,388828,154912,153367,137922,155663,143502,153258,146913
10,2,10,2,0,2,400,328,2,31,14350662,12960551,13049754,12995493,12919169,13054123,12938358,47650769,42232366,43116329,42446048,43373768,42550446,43414437,459285,459449,387870,459729,385785,454679,385144,155133,154718,140307,153993,145229,157529,146048
10,2,10,2,0,2,400,332,2,32,14231467,12857131,13021170,12913833,12836513,12955948,12876618,47220928,41659246,42319209,41872929,42576648,41977325,42617318,462643,463121,397348,468926,403492,465369,402191,158557,158870,139646,155654,143581,158359,146071
10,2,10,2,0,2,400,336,2,32,14528890,13158609,13364215,13226022,13297393,13222229,13216043,48749249,43187566,43847530,43401248,44104969,43505645,44145637,468952,469311,411686,464135,414099,470431,417481,161944,162257,145043,165281,146631,162369,145054
10,2,10,2,0,2,400,340,2,32,15107819,13617104,13471740,13680933,13271439,13696985,13295001,48319409,42614446,43274409,42828128,43531848,42932525,43572518,465103,465735,404953,471816,406853,472817,407656,168863,167931,143154,164219,148055,164621,149093
10,2,10,2,0,2,400,344,2,33,14868368,13455103,13610154,13610725,13486880,13547108,13445161,49847729,44142766,44874730,44356448,45132169,44460846,45172837,479656,485731,415110,485712,422956,487251,424576,164410,161237,146276,161212,148928,161413,149659
10,2,10,2,0,2,400,348,2,33,14979163,13549330,13666848,13525986,13471195,13538778,13510779,49417888,43569646,44301609,43783328,44559048,43887726,44599717,484930,485051,422685,485055,423232,485604,426954,167590,167385,146489,166945,152414,167170,151749
10,2,10,2,0,2,400,352,2,33,15206977,13824015,14032344,13825022,13870991,13803857,13857183,50946209,45097966,45829929,45311649,46087368,45416046,46128038,490848,490573,431853,496788,439617,498088,441249,170393,170001,152642,166524,151197,166552,150997
10,2,10,2,0,2,400,356,2,34,15526798,14043469,13991898,14071876,13793878,14064595,13796262,50516369,44524846,45336809,44738529,45594248,44842926,45634917,493497,494158,415540,500315,419072,501048,420968,173379,173794,149347,169927,154268,169979,155229
10,2,10,2,0,2,400,360,2,34,15621171,14090149,14360466,14135072,14066410,14172752,14096395,52044689,46053166,46865130,46266848,47122568,46371246,47163238,502868,501978,428037,501945,432876,509787,438396,175940,175564,156114,175172,158787,172464,157705
10,2,10,2,0,2,400,364,2,35,15623695,14081292,14294872,14072426,13995020,14120459,14058866,51614849,45480046,46332009,45693729,46589449,45798126,46630118,508023,508156,432567,513911,434588,515246,439013,175733,175791,152950,172439,162034,172580,160007
10,2,10,2,0,2,400,368,2,35,15839501,14347417,14587899,14357096,14460111,14463146,14435374,53143169,47008366,47860330,47222049,48117768,47326446,48158437,507211,513266,447451,500751,448844,514709,454080,180930,177946,157733,183834,159711,177718,156674
10,2,10,2,0,2,400,372,2,35,15795861,14343354,14626430,14413517,14419782,14466630,14421152,52713329,46435246,47287210,46648928,47544649,46753325,47585318,516418,516968,438998,517029,441502,511618,441281,177119,177554,157019,176803,158771,180578,159949
10,2,10,2,0,2,400,376,2,36,16279374,14769748,14879550,14767735,14661419,14785169,14641126,54241649,47963566,48855530,48177249,49112969,48281646,49153638,524756,525158,450183,531511,457691,532932,461391,182764,183017,158022,179204,163286,179290,162724
10,2,10,2,0,2,400,380,2,36,16305969,14735402,14905971,14732089,14672258,14755385,14677189,53811809,47390446,48282410,47604128,48539848,47708526,48580517,537487,537629,456567,536789,467253,538600,468948,182099,181967,161875,181165,163600,181814,163740
10,2,10,2,0,2,400,384,2,36,16612726,14955424,15331287,15001125,15167043,14953735,15172840,55340129,48918766,49810730,49132449,50068169,49236846,50108838,529625,526583,467160,535902,477178,543497,477992,189402,190612,168888,184887,165453,181679,166603
10,2,10,2,0,2,400,388,2,37,16521117,14896703,15268856,14886733,14930671,14947189,14960529,54910289,48345646,49317610,48559329,49575049,48663726,49615718,549015,548811,459479,548659,471763,550341,475605,184869,185005,162247,184649,164308,184908,164642
10,2,10,2,0,2,400,392,2,37,16878381,15250853,15551275,15200353,15224127,15284712,15284960,56438609,49873966,50845930,50087649,51103369,50192046,51144038,534753,548270,458814,534662,459183,549478,461994,194297,187589,165981,193639,168780,186776,169943
10,2,10,2,0,2,400,396,2,38,16977545,15273608,15533753,15233965,15185328,15257345,15231932,56008769,49300846,50312810,49514529,50570249,49618926,50610918,552719,553495,467469,553712,473088,561140,473165,193287,193384,164350,192239,173500,189811,175421
10,2,10,2,0,2,400,400,2,38,17174770,15539387,15814747,15509300,15573131,15578759,15618953,57537089,50829167,51841130,51042849,52098569,51147246,52139238,551830,565350,482913,560027,488708,559420,491954,200037,193138,171057,196253,174470,196898,173913
10,2,10,2,0,2,400,404,2,38,17280400,15778261,15995939,15825269,15667534,15795859,15722157,57107249,50256047,51268010,50469729,51525449,50574126,51566118,571660,572231,484435,572256,497239,573964,499927,193637,193739,169527,192903,169877,193180,170756
10,2,10,2,0,2,400,408,2,39,17544310,15911354,16259501,15916303,15862866,15942477,15789867,58635569,51784366,52836330,51998049,53093769,52102446,53134438,549522,548853,473772,570320,483217,572065,485926,207134,207013,170481,195716,175391,196117,176305
10,2,10,2,0,2,400,412,2,39,17949242,16237175,16183521,16363436,15842629,16353603,15907166,58205729,51211247,52263210,51424929,52520649,51529326,52561318,571739,572088,483310,579457,488297,580257,490134,203439,202390,172358,198465,179049,198382,180349
10,2,10,2,0,2,400,416,2,39,17817122,16114470,16556745,16152927,16252244,16157072,16252226,59734049,52739567,53791530,52953249,54048969,53057646,54089638,575946,568543,494075,568535,501973,584544,504773,203274,206734,181425,206460,180535,199363,179694
10,2,10,2,0,2,400,420,2,40,17813916,16076969,16541963,16058670,16183179,16175383,16231356,59304209,52166447,53034410,52380129,53291849,52484526,53332518,589004,582006,487535,582027,497371,590742,499126,202511,205596,175336,204974,180637,201662,182904
10,2,10,2,0,2,400,424,2,40,18103218,16293752,16805243,16415426,16460242,16449475,16450086,60832529,53694766,54562730,53908449,54820169,54012846,54860838,590721,592024,502983,592477,511779,593302,514807,208288,208261,179353,208054,182039,208230,182408
10,2,10,2,0,2,400,428,2,41,18459833,16604110,16776410,16580022,16456693,16644814,16443208,60402689,53121646,54061610,53335329,54319049,53439726,54359718,593406,601266,495080,602221,505077,595258,500591,212007,208205,176150,207602,185790,211430,190826
10,2,10,2,0,2,400,432,2,41,18576544,16766961,17187166,16861861,16868783,16872673,16826746,61931009,54649967,55589930,54863649,55847369,54968046,55888038,605016,606125,514366,587613,518404,611212,525454,213373,213766,186334,221040,190100,209918,186675
10,2,10,2,0,2,400,436,2,41,18578151,16733027,17201184,16795975,16821488,16867920,16882364,61501169,54076847,55016810,54290529,55274249,54394926,55314918,600436,608370,517994,601786,527641,602205,529174,219131,215301,186050,219266,190613,219434,190518
10,2,10,2,0,2,400,440,2,42,19217320,17432429,17511088,17523841,17041698,17521758,17075842,63029489,55605167,56585130,55818849,56842569,55923246,56883238,608830,601560,508573,609323,515261,602536,519725,216747,220613,179971,216164,191064,220377,190427
10,2,10,2,0,2,400,444,2,42,18954175,17132678,17564583,17070069,17139451,17060834,17173712,62599649,55032047,56012010,55245729,56269449,55350126,56310118,619319,627759,528673,628610,533028,620966,536957,220058,215093,186095,214908,192828,218581,193313
10,2,10,2,0,2,400,448,2,42,19096476,17290512,17812648,17290131,17401873,17268961,17450133,64127969,56560367,57540330,56774049,57797769,56878446,57838438,613501,621236,529061,606167,526918,622655,529126,221682,217199,192810,224929,195770,217497,194025
10,2,10,2,0,2,400,452,2,43,19222648,17361908,17896983,17340792,17441835,17384503,17529684,63698129,55987246,57047210,56200929,57304649,56305326,57345318,623661,624345,529335,624283,536051,631875,543253,227648,227579,187928,227312,198993,223592,194649
10,2,10,2,0,2,400,456,2,43,19445478,17427268,18005327,17511350,17625008,17565885,17666419,65226449,57515567,58575530,57729249,58832969,57833646,58873638,623550,632231,523935,617685,524652,619916,528315,224993,220704,192676,229225,199870,229080,198995
10,2,10,2,0,2,400,460,2,44,19616717,17610859,18090305,17628794,17764843,17671819,17709032,64796609,56942447,58042410,57156129,58299849,57260526,58340518,642113,642382,536105,641364,546378,651072,549138,227779,228153,188699,227388,197540,223384,198216
10,2,10,2,0,2,400,464,2,44,19828993,17902770,18379241,17920782,18043787,17939160,18010507,66324929,58470766,59570730,58684449,59828169,58788846,59868838,643033,643289,539913,637337,539563,638203,540803,225162,225438,195947,229706,202059,229799,202753
10,2,10,2,0,2,400,468,2,44,20002958,18136425,18584068,18119184,18223346,18071664,18125417,65895089,57897647,58997610,58111329,59255049,58215726,59295718,654620,646768,553223,663823,565735,656876,566742,233732,237487,198101,230451,202141,232986,202526
10,2,10,2,0,2,400,472,2,45,20115441,18156253,18792856,18215923,18303390,18224023,18337399,67423409,59425967,60565930,59639649,60823369,59744046,60864038,660215,660244,557483,660418,563769,670222,568272,233761,233011,194711,233360,203819,228995,201958
10,2,10,2,0,2,400,476,2,45,20157852,18153827,18760195,18185525,18330927,18194991,18343054,66993569,58852847,59992810,59066529,60250249,59170926,60290918,671696,672227,562559,673253,572860,675776,570209,230413,230255,195719,229804,201592,229873,204607
10,2,10,2,0,2,400,480,2,45,20447843,18457575,19163999,18544389,18758907,18587101,18733963,68521889,60381166,61521130,60594849,61778569,60699246,61819238,661193,670233,572848,679585,583502,671807,577484,242858,237604,206556,232763,206060,237693,210430
10,2,10,2,0,2,400,484,2,46,20528704,18519231,19136306,18448555,18691429,18572176,18707010,68092049,59808047,60764010,60021729,61021449,60126126,61070118,675788,686142,560718,676806,568317,678764,572918,240235,235082,198441,239302,209174,239549,207826
10,2,10,2,0,2,400,488,2,46,20837709,18703071,19414753,18763238,18935302,18793479,18963458,69620369,61336367,62292330,61550049,62549769,61654446,62598438,689346,689685,569158,672397,572573,690807,573748,237829,237407,204378,246055,214527,237379,212789
10,2,10,2,0,2,400,492,2,47,20782078,18727101,19403186,18755748,19006862,18778610,18901860,69190529,60763247,61759210,60976929,62016649,61081326,62065318,687026,687679,569507,692654,575495,687501,576216,244554,244184,201035,239388,216229,244431,216483
10,2,10,2,0,2,400,496,2,47,21132948,19080025,19688416,19127561,19264139,19096689,19262032,70718849,62291567,63287530,62505249,63544969,62609646,63593638,702550,702918,583830,702788,593436,695163,594560,241625,241268,209692,241413,209494,245754,210192
10,2,10,2,0,2,400,500,2,47,21250355,19226511,19806865,19201507,19393063,19175245,19377341,70289009,61718447,62714410,61932129,62971849,62036526,63020518,693854,694641,573215,694101,575617,696296,578548,244160,244091,209017,243438,216060,243964,216316
10,2,10,2,0,2,400,504,2,48,21501018,19427812,20065017,19498691,19561767,19528533,19710261,71817329,63246767,64018730,63460449,64276169,63564846,64324838,696184,697174,584025,715414,600941,717189,597223,256385,255782,208667,246599,213580,246966,219193
10,2,10,2,0,2,400,508,2,48,21582682,19383448,20052536,19389165,19606268,19451693,19683759,71387489,62673647,63445610,62887329,63703049,62991726,63751718,701796,703386,595661,715779,602857,720865,606765,258030,257678,211136,247834,217394,248357,217322
10,2,10,2,0,2,400,512,2,48,21987888,19826143,20649621,19809151,20403187,19830361,20530182,72915809,64201967,64973930,64415649,65231369,64520046,65280038,706029,715842,615092,724631,626936,726910,620893,259948,254381,224911,249022,226866,249628,230410
10,2,10,2,0,4,400,64,2,6,3328037,3164401,3220301,3217292,3272153,3242522,3306225,11400928,10698079,11127637,10939281,11419001,11047246,11463209,85810,87530,86052,87692,86899,88098,87280,24204,23783,23848,24112,23834,24178,24197
10,2,10,2,0,4,400,68,2,7,3259578,3079879,3140140,3116812,3174371,3148751,3199537,10971088,10124959,10634517,10366161,10925881,10474126,10970089,93751,94680,92195,94759,92833,95346,94397,24752,24271,24248,24246,24352,24375,24103
10,2,10,2,0,4,400,72,2,7,3661553,3430409,3490611,3490077,3547605,3510820,3562765,12499408,11653279,12162837,11894481,12454201,12002446,12498409,94527,96130,93170,96508,93850,96822,95244,26676,26996,26923,27487,26910,27141,26647
10,2,10,2,0,4,400,76,2,8,3630727,3406268,3384749,3430212,3422631,3464897,3458661,12069568,11080159,11381717,11321361,11665081,11429326,11709289,102231,104502,99659,106074,100402,105021,100789,28072,28179,27440,28004,27987,28285,28242
10,2,10,2,0,4,400,80,2,8,3962405,3718489,3732680,3786882,3813059,3805090,3817880,13597888,12608479,12910037,12849681,13193401,12957646,13237609,111334,112350,107461,111122,108528,113008,109815,30324,30098,30427,30495,30690,30160,30177
10,2,10,2,0,4,400,84,2,8,3902829,3660516,3680305,3707627,3734900,3738131,3762039,13168048,12035359,12336917,12276561,12620281,12384526,12664489,117209,118224,115497,118345,116319,119089,116931,30603,30737,30863,30829,30916,30953,31049
10,2,10,2,0,4,400,88,2,9,4271788,3988788,4009129,4040356,4075477,4079443,4088828,14696368,13563679,13937237,13804881,14220601,13912846,14264809,122508,123601,119218,122367,121431,122723,121593,33893,33995,34076,34604,34318,34752,34421
10,2,10,2,0,4,400,92,2,9,4255776,3964286,3965219,3978684,4009057,4002461,4044486,14266528,12990559,13364117,13231761,13647481,13339726,13691689,128166,129481,126384,129576,126111,129944,127328,36085,36063,35775,35685,35953,35953,36107
10,2,10,2,0,4,400,96,2,9,4643398,4304981,4322074,4373185,4394931,4385767,4410243,15794848,14518879,14892437,14760081,15175801,14868046,15220009,134314,135200,130848,135555,130956,134274,132637,37123,37136,37002,37376,37808,37914,37683
10,2,10,2,0,4,400,100,2,10,4670711,4321480,4273186,4361806,4307432,4390582,4334749,15365008,13945759,14399317,14186961,14682681,14294926,14726889,133221,135835,124944,137638,128455,138031,129042,41464,40790,38801,40149,39222,40297,39554
10,2,10,2,0,4,400,104,2,10,4922670,4597319,4596711,4595494,4623073,4620539,4661847,16893328,15474079,15927637,15715281,16211001,15823246,16255209,140918,142043,135259,144139,136902,142433,137052,40948,41109,40106,40641,40509,41396,40795
10,2,10,2,0,4,400,108,2,11,4892809,4507222,4539062,4545101,4578267,4578605,4606124,16463488,14900959,15394517,15142161,15677881,15250126,15722089,142487,147377,136973,147579,140990,149925,141920,45340,43974,43323,44247,43479,43753,43881
10,2,10,2,0,4,400,112,2,11,5357797,4904886,4919193,4966068,5021013,4970696,5009166,17991808,16429279,16922837,16670481,17206201,16778446,17250409,152038,152867,142001,154946,143954,155249,146400,46167,45857,44795,45756,45744,45206,44838
10,2,10,2,0,4,400,116,2,11,5233606,4833393,4846439,4863965,4898630,4904318,4912976,17561968,15856159,16349717,16097361,16633081,16205327,16677289,160517,160685,156136,163465,158007,163934,158463,46338,46404,45593,45543,45814,46082,45687
10,2,10,2,0,4,400,120,2,12,5618367,5135132,5146473,5211482,5306730,5242107,5292620,19090288,17384479,17918037,17625681,18201401,17733646,18245609,164233,165162,155001,165447,157625,163810,159941,49834,49642,49410,49850,50304,50898,49890
10,2,10,2,0,4,400,124,2,12,5575721,5103595,5110099,5134491,5149824,5180642,5219247,18660448,16811359,17344917,17052561,17628281,17160526,17672489,169816,172991,166851,175445,169588,173781,166944,52187,50636,48916,49732,49166,50684,50514
10,2,10,2,0,4,400,128,2,12,5995598,5701373,5767266,5763678,5909778,5774771,5896460,20188768,18339679,18873237,18580881,19156601,18688846,19200809,179578,179233,169509,181360,170884,179263,170503,51413,51494,50211,51459,50817,52199,51450
10,2,10,2,0,4,400,132,2,13,5895519,5417044,5420888,5443461,5522199,5471781,5542129,19758928,17766559,18380117,18007761,18663481,18115726,18707689,178923,179877,163096,182205,167678,182706,168210,55459,55451,50995,54497,51807,54598,52292
10,2,10,2,0,4,400,136,2,13,6247375,5722282,5788154,5762829,5870098,5786865,5869424,21287248,19294879,19908437,19536081,20191801,19644046,20236009,188694,186931,174217,189490,180552,189906,181164,57009,58204,56823,57482,56950,57043,56894
10,2,10,2,0,4,400,140,2,14,6216207,5676949,5709817,5711622,5829356,5739296,5822711,20857408,18721759,19375317,18962961,19658681,19070926,19702889,190691,191145,172690,189035,174695,191625,179197,59097,59619,56658,60418,59710,59652,57251
10,2,10,2,0,4,400,144,2,14,6623209,6036665,6109290,6092086,6199240,6114195,6177116,22385728,20250079,20903637,20491281,21187001,20599247,21231209,192585,193613,177904,198888,184937,199382,186288,63273,62991,59868,61040,61184,61307,60843
10,2,10,2,0,4,400,148,2,14,6562312,6017427,6036140,6053458,6151639,6064824,6156246,21955888,19676959,20330517,19918161,20613881,20026127,20658089,203061,204101,193154,206842,197306,207231,197910,65051,64346,62367,62795,62454,63466,62977
10,2,10,2,0,4,400,152,2,15,6908085,6286748,6303095,6347458,6470396,6365446,6444004,23484208,21205279,21898837,21446481,22182201,21554446,22226409,208996,212254,194475,212298,201018,215501,201114,65770,64687,63308,64900,64042,63535,64129
10,2,10,2,0,4,400,156,2,15,6897972,6257612,6278851,6287933,6410745,6314736,6403843,23054368,20632159,21325717,20873361,21609081,20981326,21653289,214516,215151,205352,212286,204709,215541,206294,69398,69224,64703,70174,68365,68996,67688
10,2,10,2,0,4,400,160,2,15,7231950,6567904,6596393,6692257,6764046,6700145,6764776,24582688,22160479,22854037,22401681,23137401,22509647,23181609,214447,215297,202837,218319,207195,216131,206283,71980,71775,69635,70392,70082,71868,70592
10,2,10,2,0,4,400,164,2,16,7275997,6675064,6729392,6737597,6827861,6767507,6808117,24152848,21587359,22096917,21828561,22380281,21936527,22424489,228154,233529,215005,233775,216577,230422,215792,70466,67831,63945,67796,66020,69044,66529
10,2,10,2,0,4,400,168,2,16,7625151,7030188,7086900,7181224,7175882,7153727,7152248,25681168,23115679,23625237,23356881,23908601,23464846,23952809,233643,237815,219259,239384,219665,233147,223297,73327,71873,67246,70898,70511,73943,69086
10,2,10,2,0,4,400,172,2,17,7633471,6991293,7066283,7049113,7126499,7056177,7117313,25251328,22542559,23124117,22783761,23407481,22891727,23451689,236385,240075,221120,241918,223166,243713,224468,77496,74968,71140,74891,73800,73293,72629
10,2,10,2,0,4,400,176,2,17,7946980,7321349,7362136,7465784,7488655,7465886,7489397,26779648,24070879,24652437,24312081,24935801,24420047,24980009,245600,245318,229547,247371,230672,247535,232716,78971,77965,73846,77419,76739,77915,75743
10,2,10,2,0,4,400,180,2,17,7907191,7289171,7342464,7331466,7437506,7370990,7427728,26349808,23497759,24079317,23738961,24362681,23846927,24406889,248069,249169,233801,255836,238131,255704,236547,81641,80830,76277,77531,77150,78236,79070
10,2,10,2,0,4,400,184,2,18,8275529,7608217,7679908,7746717,7767152,7760167,7764120,27878128,25026079,25647637,25267281,25931001,25375247,25975209,256081,261269,238986,261943,241972,262162,243730,81312,78997,73837,77975,76202,79010,76262
10,2,10,2,0,4,400,188,2,18,8259307,7559689,7612667,7688461,7701146,7682821,7692381,27448288,24452959,25074517,24694161,25357881,24802127,25402089,261776,264103,246319,267301,245707,264528,244541,85143,82404,77471,82013,82505,83816,83987
10,2,10,2,0,4,400,192,2,18,8648499,7950861,8043848,8060313,8101925,8063681,8111818,28976608,25981279,26602837,26222481,26886201,26330447,26930409,264594,264602,246352,262231,247094,265824,249545,86488,86161,83841,87947,85039,86145,83825
10,2,10,2,0,4,400,196,2,19,8625362,7893023,7945391,7990807,8030942,8003811,8007965,28546768,25408159,26109717,25649361,26393081,25757327,26437289,270103,271682,246383,278429,254842,276001,254288,90941,90362,84303,86619,84451,88658,85993
10,2,10,2,0,4,400,200,2,19,8998912,8264590,8352925,8357680,8355228,8356591,8351173,30075088,26936479,27638037,27177681,27921401,27285647,27965609,278210,277610,250133,279630,259913,282718,259582,90468,89986,86065,89239,87091,88084,87232
10,2,10,2,0,4,400,204,2,20,8892141,8128368,8234010,8249060,8266200,8255873,8273648,29645248,26363359,27104917,26604561,27388281,26712527,27432489,281601,283299,253324,284457,248858,280664,252936,90826,89433,83953,89361,88874,91667,86135
10,2,10,2,0,4,400,208,2,20,9300920,8521631,8598487,8638215,8605036,8643790,8629794,31173568,27891679,28633237,28132881,28916601,28240847,28960809,282331,287742,266354,288022,271112,288289,268812,98121,95488,87426,95393,91567,95795,93685
10,2,10,2,0,4,400,212,2,20,9283734,8526158,8565814,8620731,8646355,8636638,8626280,30743728,27318559,28060117,27559761,28343481,27667727,28387689,292375,299351,272216,301529,275647,298110,276024,98772,93830,90105,93395,93578,95494,93751
10,2,10,2,0,4,400,216,2,21,9586769,8830068,8926015,8917426,8914958,8909431,8877745,32272048,28846879,29628437,29088081,29911801,29196047,29956009,299341,300917,269511,297856,269567,301453,270823,98422,97080,92162,98039,94758,96585,94033
10,2,10,2,0,4,400,220,2,21,9599610,8799929,8884518,8892049,8838479,8839602,8872691,31842208,28273759,29055317,28514961,29338681,28622927,29382889,309686,307032,282746,311936,286842,309526,285265,99139,98486,93144,97682,96232,97811,97286
10,2,10,2,0,4,400,224,2,21,10061535,9284872,9328797,9395137,9296918,9355643,9285552,33370528,29802079,30583637,30043281,30867001,30151247,30911209,309780,310895,282294,308188,285633,307608,285634,103618,103948,96553,105462,99395,105216,99251
10,2,10,2,0,4,400,228,2,22,9944066,9119027,9216076,9193640,9154247,9184230,9152629,32940688,29228959,29834517,29470161,30117881,29578127,30170089,321218,323506,290884,322560,294333,315830,290772,103521,101306,96000,101571,99676,105639,101958
10,2,10,2,0,4,400,232,2,22,10259173,9406998,9515109,9508290,9422514,9503554,9447610,34469008,30757279,31362837,30998481,31646201,31106447,31698409,316367,322103,286416,321177,286208,322659,287047,107843,104274,98884,104950,100437,104810,100473
10,2,10,2,0,4,400,236,2,23,10286739,9394241,9483521,9506412,9388639,9483932,9425313,34039168,30184159,30829717,30425361,31113081,30533327,31165289,328034,329312,293529,333763,300004,334265,299923,108561,107772,100498,105201,103000,105571,103779
10,2,10,2,0,4,400,240,2,23,10555454,9666961,9827766,9802087,9748639,9776565,9739383,35567488,31712479,32358037,31953681,32641401,32061647,32693609,331710,333491,302352,334253,299602,331572,298856,109750,109094,101788,107723,102811,111174,104903
10,2,10,2,0,4,400,244,2,23,10678883,9764396,9907517,9843060,9781461,9802126,9782465,35137648,31139359,31784917,31380561,32068281,31488527,32120489,340466,343239,318362,346178,316757,348000,318896,113382,111539,102127,109039,103950,109440,104161
10,2,10,2,0,4,400,248,2,24,10906662,9996846,10123369,10177146,10031670,10095975,10002455,36665968,32667679,33089237,32908882,33372601,33016846,33424809,341160,347277,314046,350419,319977,353189,318123,118412,115631,106739,113587,107481,113853,110192
10,2,10,2,0,4,400,252,2,24,10937107,9952006,10212593,10073460,9991846,10069093,10072194,36236128,32094559,32516117,32335761,32799481,32443727,32851689,351498,352032,326194,352638,319940,350948,326215,117998,115873,107307,116894,115147,117583,112329
10,2,10,2,0,4,400,256,2,24,11289175,10362580,10651457,10486294,10524538,10428523,10536763,37764448,33622879,34044437,33864081,34327801,33972047,34380009,348112,348891,320806,348887,324367,353981,324029,121653,120999,115722,120896,115549,118952,115860
10,2,10,2,0,4,400,260,2,25,11295888,10325739,10477086,10523285,10386935,10479554,10374448,37334608,33049759,33615317,33290961,33898682,33398927,33942889,362713,360279,323089,367770,331144,370152,333727,120528,121750,110129,116607,109063,117473,109302
10,2,10,2,0,4,400,264,2,25,11716501,10720009,10855413,10863622,10631727,10859336,10659051,38862928,34578079,35143637,34819281,35427001,34927247,35471209,365308,363410,322034,369395,327027,368105,326103,124305,123702,112235,120148,112089,120786,113769
10,2,10,2,0,4,400,268,2,26,11737999,10574338,10712654,10686296,10589399,10673216,10666855,38433088,34004960,34610517,34246161,34893881,34354127,34938089,373999,376936,333678,381373,341847,382339,340701,126871,125561,113865,122530,116244,123125,118449
10,2,10,2,0,4,400,272,2,26,11963658,11000168,11095858,11016545,10942857,11026278,10971258,39961408,35533279,36138837,35774481,36422201,35882447,36466409,378743,379202,341906,379865,343989,384018,346408,127917,127824,119729,128037,122344,126079,121827
10,2,10,2,0,4,400,276,2,26,11894657,10893978,11070538,11091685,10956991,11003625,10941777,39531568,34960159,35565717,35201361,35849081,35309327,35893289,385380,386040,351166,391375,354465,392504,357468,129955,130056,118439,125602,118997,126946,118514
10,2,10,2,0,4,400,280,2,27,12369177,11171301,11374627,11279258,11222702,11252033,11205707,41059888,36488479,37134037,36729681,37417401,36837647,37461609,390925,397995,351780,398431,360689,398802,364086,133196,129600,120883,127897,120173,129263,120156
10,2,10,2,0,4,400,284,2,27,12271537,11247132,11416007,11373557,11207190,11354085,11225973,40630048,35915359,36560917,36156561,36844282,36264527,36888489,391810,391144,358565,402549,366259,403708,367264,137256,136017,121289,131125,121633,131076,121755
10,2,10,2,0,4,400,288,2,27,12821802,11733554,11807644,11818825,11599366,11868486,11623366,42158368,37443679,38089237,37684881,38372601,37792847,38416809,399340,401259,359259,407252,364004,402542,358789,137675,137199,123799,134108,123361,134479,126266
10,2,10,2,0,4,400,292,2,28,12599250,11444721,11713933,11591889,11497639,11610763,11526958,41728528,36870560,37596117,37111761,37879481,37219727,37923690,405959,407784,360624,413171,367336,412233,363814,138896,137285,124072,134455,126532,134864,127542
10,2,10,2,0,4,400,296,2,28,13272593,11990943,12122627,12099215,11857658,12110325,11863749,43256848,38398880,39124437,38640082,39407801,38748047,39452009,410440,411529,361312,420070,365260,416777,360916,141474,141154,122380,137918,126741,138406,128920
10,2,10,2,0,4,400,300,2,29,12906231,11753717,11972932,11792814,11728317,11744380,11735809,42827009,37825759,38591317,38066962,38874681,38174927,38918889,413290,409187,367925,415029,370560,410139,370820,145065,146825,129386,144393,136503,147051,135640
10,2,10,2,0,4,400,304,2,29,13205973,12037128,12296278,12135539,12097011,12208838,12113893,44355328,39354079,40119637,39595281,40403001,39703247,40447209,419273,420527,377776,430456,385695,431905,386364,149020,148596,135073,142951,134027,143641,133458
10,2,10,2,0,4,400,308,2,29,13577567,12332997,12444800,12503732,12154899,12397907,12168670,43925488,38780959,39546517,39022161,39829881,39130127,39874089,426053,428933,376403,435825,380628,428837,376557,147378,147060,132653,143868,136295,146603,139129
10,2,10,2,0,4,400,312,2,30,13665486,12333666,12542387,12393538,12344214,12444906,12352713,45453809,40309279,41114837,40550481,41398201,40658447,41442409,429144,435906,385324,443674,395235,441528,390880,150945,147365,131335,143982,132844,144552,134598
10,2,10,2,0,4,400,316,2,30,13562748,12382798,12632703,12441943,12323348,12386052,12382998,45023968,39736159,40541717,39977361,40825081,40085327,40869289,433665,434462,394340,446309,399105,445947,389779,154203,153093,136341,147604,137631,147295,144174
10,2,10,2,0,4,400,320,2,30,13847914,12652730,12933304,12746966,12767025,12719148,12748182,46552288,41264479,42070038,41505681,42353401,41613647,42397610,442424,451032,399090,446704,403493,446689,400740,153068,150003,141510,152211,141270,152409,142465
10,2,10,2,0,4,400,324,2,31,14106855,12714454,13067726,12838579,12705547,12775689,12727287,46122448,40691359,41576917,40932562,41860281,41040527,41904489,451947,454726,393650,462154,405925,460873,405165,156638,156166,138297,152839,141528,153242,142262
10,2,10,2,0,4,400,328,2,31,14288804,13021422,13275535,13061774,12986671,13030035,12921363,47650769,42219680,43105237,42460881,43388602,42568847,43432809,453478,457191,398345,463863,401842,463032,399764,157629,154630,140104,153928,142552,153898,143928
10,2,10,2,0,4,400,332,2,32,14383622,12892326,13222133,12998860,12935605,13021117,12966060,47220928,41646560,42308118,41887761,42591481,41995727,42635689,456607,460830,406906,463664,418764,470592,407588,162028,158700,138198,157988,141013,155857,145540
10,2,10,2,0,4,400,336,2,32,14688315,13361876,13582933,13434261,13307926,13440582,13270077,48749249,43174880,43836438,43416082,44119802,43524047,44164010,459350,463052,414210,464346,413627,468716,417162,165141,164287,141060,164015,148383,161255,148723
10,2,10,2,0,4,400,340,2,32,14701319,13273079,13550252,13287937,13264736,13267176,13297569,48319409,42601760,43263317,42842961,43546682,42950927,43590889,475078,483875,424400,485286,433091,484145,431305,164371,161557,147041,160144,147086,160926,149111
10,2,10,2,0,4,400,344,2,33,14878464,13553789,13801757,13616028,13550279,13623653,13508514,49847729,44130080,44863638,44371281,45147002,44479247,45191209,475514,478847,416746,480773,419045,485130,422355,166183,164567,145870,162588,150786,161076,149981
10,2,10,2,0,4,400,348,2,33,14998469,13597508,13856785,13665431,13560683,13678882,13557284,49417889,43556959,44290518,43798161,44573881,43906127,44618089,474830,476751,422562,492389,431514,483696,429826,170870,170388,146460,163421,147463,166953,149566
10,2,10,2,0,4,400,352,2,33,15197712,13824870,14157623,13889870,13862581,13849934,13889535,50946209,45085280,45818838,45326481,46102201,45434447,46146410,491207,494049,443736,500528,453294,494206,449615,170836,168558,153726,164810,149317,168215,150424
10,2,10,2,0,4,400,356,2,34,15266103,13764371,14198392,13837916,13850440,13860304,13827135,50516369,44512160,45325718,44753362,45609081,44861327,45653289,491122,499759,438646,507051,448633,506704,447580,175128,170167,148484,165626,150112,167551,151954
10,2,10,2,0,4,400,360,2,34,15812445,14322881,14579077,14418673,14154483,14388803,14201634,52044689,46040480,46854037,46281682,47137401,46389647,47181610,500118,503045,428664,510640,431581,503992,430852,175729,175790,150345,172303,158861,175278,160432
10,2,10,2,0,4,400,364,2,35,15662911,14163795,14518996,14184205,14139045,14213579,14163195,51614849,45467360,46320918,45708561,46604281,45816527,46648490,508512,516986,444454,504440,455469,514497,454400,176558,172936,151985,178918,157165,172601,158985
10,2,10,2,0,4,400,368,2,35,15847569,14391664,14780084,14501320,14510489,14466094,14459225,53143169,46995680,47849238,47236881,48132602,47344847,48176810,513197,509487,456158,524400,458687,521769,462681,178836,182314,159678,173595,159799,175488,159337
10,2,10,2,0,4,400,372,2,35,15882485,14411533,14824099,14441114,14451405,14449253,14478882,52713329,46422560,47276117,46663762,47559481,46771727,47603689,525300,521681,457207,527095,467372,525520,469254,177335,177364,160380,176695,158988,177133,160795
10,2,10,2,0,4,400,376,2,36,16127871,14655685,15084642,14727620,14716209,14721567,14704203,54241649,47950880,48844438,48192082,49127801,48300047,49172010,525999,522174,459370,535697,472549,535779,475191,183343,185555,159637,178644,160552,178861,160507
10,2,10,2,0,4,400,380,2,36,16238849,14657721,15114096,14700456,14719688,14746214,14760941,53811809,47377760,48271318,47618962,48554681,47726927,48598890,530452,534333,479017,540673,485923,540915,481468,185542,183704,160331,180239,163773,180312,166690
10,2,10,2,0,4,400,384,2,36,16881095,15368214,15618470,15479240,15296759,15442146,15251093,55340129,48906080,49799638,49147282,50083002,49255247,50127210,533157,536018,468297,544228,474567,542990,477731,188886,187042,162404,182953,165762,183192,165295
10,2,10,2,0,4,400,388,2,37,16573830,14944661,15467069,15001537,15038637,15068251,15060903,54910289,48332960,49306518,48574162,49589882,48682127,49634090,533898,541786,466731,550499,485102,552319,485678,192986,188057,163334,184289,164129,184703,165894
10,2,10,2,0,4,400,392,2,37,16815388,15234370,15750317,15273928,15290187,15295638,15261281,56438609,49861280,50834838,50102482,51118202,50210447,51162410,553632,549827,476126,552521,491884,558233,492905,187933,186612,167384,186086,165727,186486,168138
10,2,10,2,0,4,400,396,2,38,17080257,15412912,15745995,15429336,15335157,15438092,15355988,56008769,49288160,50301718,49529362,50585082,49637327,50629290,549299,552466,470536,552856,474257,559124,476186,193220,193194,162995,192209,173077,189064,172046
10,2,10,2,0,4,400,400,2,38,17219764,15555318,16051783,15640118,15669409,15674201,15663623,57537089,50816480,51830038,51057682,52113402,51165647,52157610,558962,569717,499061,568416,502718,569223,502319,195361,190613,170770,190544,175382,191071,175588
10,2,10,2,0,4,400,404,2,38,17184688,15596734,16099100,15657129,15663371,15685442,15742669,57107249,50243360,51256918,50484562,51540282,50592527,51584490,570762,574371,496504,574357,505742,559617,498683,193302,192092,170552,191664,171714,199386,177196
10,2,10,2,0,4,400,408,2,39,17524838,15850991,16492031,15923588,15967963,15945598,15961097,58635569,51771680,52825238,52012882,53108602,52120847,53152810,568763,572711,495312,572682,507495,577534,505872,199918,198754,168805,198555,174401,195120,177839
10,2,10,2,0,4,400,412,2,39,17556959,15910007,16428653,15972327,15987944,15919946,15965144,58205729,51198560,52252118,51439762,52535482,51547727,52579690,581636,580840,505447,585907,518449,576549,513425,199435,197063,173742,196777,176691,200995,180429
10,2,10,2,0,4,400,416,2,39,17861643,16218275,16715633,16279581,16284974,16250109,16266721,59734049,52726880,53780438,52968082,54063802,53076047,54108010,575968,586828,506085,586321,516285,586869,507324,204772,199986,181519,199228,179405,199512,185459
10,2,10,2,0,4,400,420,2,40,18024247,16309729,16726938,16381706,16310879,16342526,16288751,59304209,52153760,53023318,52394962,53306682,52502927,53350890,575355,584847,496046,585001,502841,586951,491863,206807,201755,174206,201745,178954,201654,186741
10,2,10,2,0,4,400,424,2,40,18309133,16532454,17084663,16610219,16526043,16574653,16494752,60832529,53682080,54551638,53923282,54835002,54031247,54879210,587388,582755,504195,596347,520385,592393,518257,208191,209865,175289,202244,178917,206586,180866
10,2,10,2,0,4,400,428,2,41,18195521,16422543,17050498,16473954,16541247,16503303,16506511,60402689,53108960,54050518,53350162,54333882,53458127,54378090,597397,600272,522582,606956,538882,608416,537304,209519,208111,176054,203367,179801,204001,181569
10,2,10,2,0,4,400,432,2,41,18854331,17146330,17509956,17179905,16933026,17154847,16915761,61931009,54637280,55578838,54878482,55862202,54986447,55906410,600236,603619,511943,611866,519422,611209,519791,214674,213283,177827,208753,184783,209265,188259
10,2,10,2,0,4,400,436,2,41,18543731,16829991,17492217,16888742,16990143,16908559,16930227,61501169,54064160,55005718,54305362,55289082,54413327,55333290,609163,608779,531884,609986,542438,613940,546110,214776,213606,185526,212937,188726,213570,190677
10,2,10,2,0,4,400,440,2,42,18809450,17020460,17650210,17058243,17135086,17095696,17151214,63029489,55592480,56574038,55833682,56857402,55941647,56901610,600677,614438,523567,615814,527040,611947,528701,220389,211399,182851,210736,191917,214964,190970
10,2,10,2,0,4,400,444,2,42,18920595,17087780,17624229,17178957,17108174,17122077,17195242,62599649,55019360,56000918,55260562,56284282,55368527,56328490,607077,618544,531497,623908,537511,625767,538875,222186,217820,185827,212677,191517,213218,190944
10,2,10,2,0,4,400,448,2,42,19169711,17357341,17984194,17447595,17508858,17394672,17436086,64127969,56547680,57529238,56788882,57812602,56896847,57856810,615133,618308,539384,626563,541009,618464,538816,221863,220740,195611,215216,195254,220134,197667
10,2,10,2,0,4,400,452,2,43,19513698,17655022,18071521,17647841,17555546,17683167,17552825,63698129,55974560,57036118,56215762,57319482,56323727,57363690,612816,624561,530127,607533,533542,625846,532877,227689,222515,183014,230143,195633,222253,196286
10,2,10,2,0,4,400,456,2,43,19463040,17592873,18377006,17653476,17697540,17655115,17699913,65226449,57502880,58564438,57744082,58847802,57852047,58892010,626439,629012,544031,632882,561527,646570,560762,229434,228302,195434,223587,198387,220017,199879
10,2,10,2,0,4,400,460,2,44,19545833,17616562,18266057,17636050,17736341,17708934,17733673,64796609,56929760,58031318,57170962,58314682,57278927,58358890,631247,634578,544572,638186,556822,634721,550765,227882,226996,185426,222490,194473,226283,197058
10,2,10,2,0,4,400,464,2,44,19799187,17895335,18553862,17951317,18061489,17956623,18004355,66324929,58458080,59559638,58699282,59843002,58807247,59887210,634904,638826,555757,636797,558879,640228,562217,230653,228373,196495,227650,199337,228724,199796
10,2,10,2,0,4,400,468,2,44,19816562,17937910,18581466,18014073,18121594,18012478,18121338,65895089,57884960,58986518,58126162,59269882,58234127,59314090,650541,654308,559655,650656,573336,648243,571533,228082,226965,196636,226080,198864,231161,200962
10,2,10,2,0,4,400,472,2,45,20202931,18288600,19061004,18254754,18451127,18343555,18422019,67423409,59413280,60554838,59654482,60838202,59762447,60882410,658842,653365,565175,650251,579487,649026,585392,233811,236811,197104,236235,206042,240840,203328
10,2,10,2,0,4,400,476,2,45,20354652,18359376,18998595,18566668,18431217,18428995,18385766,66993569,58840160,59981718,59081362,60265082,59189327,60309290,658568,664093,568178,664980,575666,662783,577289,235573,234721,194936,229509,203863,234244,203653
10,2,10,2,0,4,400,480,2,45,20421787,18496511,19265410,18577692,18687206,18548355,18661992,68521889,60368480,61510038,60609682,61793402,60717647,61837610,678272,681225,584851,667288,597443,681712,598593,233267,231099,206693,234655,208536,230348,208003
10,2,10,2,0,4,400,484,2,46,20546913,18551544,19268329,18570891,18683227,18549257,18690314,68092049,59795360,60752918,60036562,61036282,60144527,61088490,661290,673149,574038,668981,580894,673508,570168,244643,239153,196844,239617,208292,238970,210599
10,2,10,2,0,4,400,488,2,46,20851488,18765702,19563379,18865165,19025249,18861230,18954362,69620369,61323680,62281238,61564882,62564602,61672848,62616810,688589,691051,592694,678229,609207,693682,605015,236912,234279,202481,238227,209361,234276,209516
10,2,10,2,0,4,400,492,2,47,21465002,19350131,19677977,19539461,19153452,19368415,19027091,69190529,60750560,61748118,60991762,62031482,61099727,62083690,683538,685029,567776,688479,581473,687981,575676,246987,245646,196082,240772,209957,245368,211762
10,2,10,2,0,4,400,496,2,47,21121261,19071220,19813523,19114656,19254342,19162671,19253049,70718849,62278880,63276438,62520082,63559802,62628047,63612010,677966,689370,588770,661076,598573,701565,602701,250759,244737,210653,257760,215032,240384,213675
10,2,10,2,0,4,400,500,2,47,21223738,19317286,20017408,19374016,19499114,19249167,19346001,70289009,61705760,62703318,61946962,62986682,62054927,63038890,693537,690530,589506,691140,597205,706291,596909,249841,247315,208642,246549,215651,242519,215766
10,2,10,2,0,4,400,504,2,48,21426578,19429651,20270421,19445396,19579878,19501962,19618779,71817329,63234080,64007638,63475282,64291002,63583247,64343210,703467,707038,602129,702661,617631,718097,616255,251522,250062,209640,250067,214771,245759,217349
10,2,10,2,0,4,400,508,2,48,21795211,19726040,20361261,19901047,19726655,19737258,19710215,71387489,62660960,63434518,62902162,63717882,63010127,63770090,713030,715485,606603,700768,607995,708381,603261,250115,247476,206700,252387,216355,252217,219423
10,2,10,2,0,4,400,512,2,48,22125901,20077661,20941745,20160963,20416419,20022896,20374844,72915809,64189280,64962838,64430482,65246202,64538447,65298410,701603,703658,613609,699487,611910,706802,615541,261742,260876,217929,260329,229781,260441,228611
