repeats,epochs,batch,output_dims,output_model,tasks,height,width,lines,control.cpu_cycles,managed-no-prefetch.cpu_cycles,managed-prefetch.cpu_cycles,proto-no-prefetch.cpu_cycles,proto-prefetch.cpu_cycles,coro-no-prefetch.cpu_cycles,coro-prefetch.cpu_cycles,control.instructions,managed-no-prefetch.instructions,managed-prefetch.instructions,proto-no-prefetch.instructions,proto-prefetch.instructions,coro-no-prefetch.instructions,coro-prefetch.instructions,control.d_cache_reads,managed-no-prefetch.d_cache_reads,managed-prefetch.d_cache_reads,proto-no-prefetch.d_cache_reads,proto-prefetch.d_cache_reads,coro-no-prefetch.d_cache_reads,coro-prefetch.d_cache_reads,control.d_cache_misses,managed-no-prefetch.d_cache_misses,managed-prefetch.d_cache_misses,proto-no-prefetch.d_cache_misses,proto-prefetch.d_cache_misses,coro-no-prefetch.d_cache_misses,coro-prefetch.d_cache_misses
10,10,100,1,0,2,200,4,1,2277973,4570253,4948834,6165375,7159546,6893677,7543542,9867356,17486223,20186709,23739024,26139000,26322277,28722237,30846,35988,32752,32445,32721,41396,41750,5550,5806,5689,6052,5925,9466,9293
10,10,100,1,0,2,200,8,1,3205562,5563541,6218686,6903207,7578151,7583202,8174203,11067356,19686223,22386709,26139025,28539000,28722277,31122237,94400,93003,90041,96978,94104,106174,105863,10315,11014,10921,11417,10984,15092,14639
10,10,100,1,0,2,200,12,1,8141502,11129240,11767836,8535083,9195859,9536942,9824927,17867916,26140494,28840980,32539025,34939000,35122277,37522238,181511,171948,171804,173280,174219,180835,181806,16419,16007,15884,16237,16187,19875,19843
10,10,100,1,0,2,200,16,1,6683627,8947856,10141131,8063012,8383796,8922172,9204073,15468046,24160074,26860560,30539024,32939000,33122277,35522238,242486,236193,235902,238435,239236,244907,246345,21209,22078,22694,22412,22358,26208,26279
10,10,100,1,0,2,200,20,1,7866073,10595154,11274002,10145988,10404179,11163844,10575522,22268136,30562554,33263040,36939025,39339000,39522277,41922237,299232,289863,290886,291100,292426,301239,301585,29611,29969,29995,29924,30030,34946,34095
10,10,100,1,0,2,200,24,1,5842081,7332810,7916824,9291920,9377291,10012141,10110858,19868346,28585364,31285850,34939025,37339000,37522277,39922238,366322,362153,362134,361735,362777,371960,370538,34114,34355,34687,35673,34910,39438,39559
10,10,100,1,0,2,200,28,1,11019019,13464637,14127974,10804577,11059408,11579788,11674015,26667766,34929404,37629890,41339025,43739000,43922277,46322238,424206,414166,415251,413423,415838,426797,421951,44310,45039,46738,44679,45188,49687,48975
10,10,100,1,0,2,200,32,1,10488850,12356212,12901064,10414267,10592459,10979459,11305618,24268006,32951584,35652070,39339025,41739000,41922277,44322238,458225,448004,446890,447273,446328,458086,456176,53024,54020,53606,54325,53534,58498,61257
10,10,100,1,0,2,200,36,2,9143610,10625288,11445972,12315917,12651991,12531238,13098782,31067456,39293584,42794070,45739025,48939000,48322278,51522238,502680,495121,495094,494051,498361,504340,506040,62547,64210,64146,64455,65905,68755,68546
10,10,100,1,0,2,200,40,2,11995507,14191782,14850265,11637792,12035941,12354159,12589489,28667806,37323034,40823520,43739025,46939000,46322278,49522238,562368,553098,553112,549290,552132,559136,558752,68660,70806,70248,70631,69688,74964,74326
10,10,100,1,0,2,200,44,2,10227454,11711816,12333972,14769537,13821203,13704003,14263877,35467446,43692184,47192670,50139025,53339000,52722278,55922238,637964,630465,634209,631310,634819,636367,642150,74184,76978,76752,77928,77004,82111,81801
10,10,100,1,0,2,200,48,2,11196587,12656748,13168576,13206292,14400975,13820711,13985052,33067536,41699394,45199880,48139025,51339000,50722278,53922238,665951,654422,655313,652654,655899,662264,663071,85204,88895,87207,88007,99716,92763,93125
10,10,100,1,0,2,200,52,2,14220715,16576495,17123206,14673464,15181245,15187240,15645548,39867706,48118814,51619300,54539025,57739001,57122278,60322238,750432,741384,743190,739262,740046,747645,748509,92673,95381,95809,94176,97309,99312,98229
10,10,100,1,0,2,200,56,2,12986186,14313433,14838590,14614090,14823573,14994061,15793431,37468166,46169074,49669560,52539025,55739001,55122278,58322238,769656,758353,759531,754837,757475,765026,762387,106352,102556,100637,102237,100658,108274,105241
10,10,100,1,0,2,200,60,2,14306331,16074040,16663166,16106788,16510340,16427544,16715452,44268137,52564904,56065390,58939025,62139001,61522278,64722238,866168,854625,855867,851794,853671,863713,863004,109410,109979,110003,110914,110236,116136,114211
10,10,100,1,0,2,200,64,2,15187296,16856332,17401581,15930748,16093342,16414055,16564594,41867557,50511354,54011840,56939025,60139001,59522278,62722238,869727,860024,860562,857603,858562,866798,865608,119496,126053,121326,127381,120789,126277,124481
10,10,100,1,0,2,200,68,3,17544963,18745074,19468472,17643544,18082771,18029263,18226922,48667647,56917305,61217790,63339025,67339001,65922278,69922238,918595,907246,913609,902222,913541,915204,920906,145827,130795,128694,130585,131604,135267,134149
10,10,100,1,0,2,200,72,3,17981576,19903461,20483911,18027330,18284061,18085320,18064485,46267767,54924595,59225080,61339025,65339001,63922278,67922238,1030811,1027008,1028561,1023606,1027380,1032601,1033831,133916,138896,135241,136693,135210,146230,139795
10,10,100,1,0,2,200,76,3,19383167,21588852,22162569,19147788,19436692,19402219,19660615,53067907,61342565,65643050,67739025,71739001,70322278,74322238,1018706,1013857,1020383,1006246,1016434,1016386,1025462,146485,152877,148051,150507,149075,153714,155043
10,10,100,1,0,2,200,80,3,16835396,18258674,18926543,19438748,19934712,19424100,19529694,50667537,59300075,63600560,65739025,69739001,68322278,72322238,1140856,1133106,1136968,1135855,1136025,1142260,1142380,147997,155276,152024,155106,164015,157721,171222
10,10,100,1,0,2,200,84,3,18092712,20157443,20845546,20436950,20991124,20933050,21053665,57467537,65705005,70005490,72139025,76139001,74722278,78722238,1175527,1178879,1189129,1174761,1186199,1188658,1194881,162581,168955,188403,170564,167816,173588,174225
10,10,100,1,0,2,200,88,3,18874859,20170317,20856540,20547426,20449533,20858299,20998482,55068177,63767805,68068291,70139025,74139001,72722278,76722239,1176255,1167895,1170540,1161984,1171729,1177448,1178217,174722,175843,180386,177113,178931,180211,182465
10,10,100,1,0,2,200,92,3,20711332,22796422,23365228,21966115,22128550,22346790,22550962,61868127,70155005,74455490,76539026,80539001,79122278,83122238,1276433,1290471,1303491,1284063,1298446,1300370,1307805,177082,190236,179906,181641,181323,192556,193458
10,10,100,1,0,2,200,96,3,23105286,25770500,27193295,22780533,23216635,22980290,22995613,59467888,68135686,72436172,74539026,78539002,77122279,81122239,1288115,1279977,1282668,1278670,1281597,1288947,1290099,195130,206836,199669,220565,199189,208008,209238
10,10,100,1,0,2,200,100,4,21725443,23883845,24536430,23349001,23409843,23683098,23965535,66267617,74513025,79613511,80939025,85739001,83522278,88322238,1397264,1402212,1399269,1400344,1398297,1417980,1412610,206712,211432,210092,218932,237971,219711,242389
10,10,100,1,0,2,200,104,4,24600799,26317831,27020847,23132039,23558926,23978357,23885846,63867837,72539745,77640231,78939026,83739001,81522278,86322239,1481301,1474241,1461861,1468752,1465493,1481698,1477513,219740,218665,215575,218505,217666,225123,222645
10,10,100,1,0,2,200,108,4,24006524,26519293,27145204,24970337,25302238,25244546,25425944,70667717,78920445,84020931,85339026,90139001,87922278,92722238,1409760,1422280,1415203,1417538,1418262,1434105,1431703,224426,237713,228670,233764,228051,234310,231720
10,10,100,1,0,2,200,112,4,23981469,25600296,27744470,24752653,24975152,25352610,25378780,68267627,76912745,82013231,83339026,88139001,85922278,90722239,1530790,1527254,1518172,1514697,1515228,1527518,1525350,235207,248189,247340,250071,245975,243225,241868
10,10,100,1,0,2,200,116,4,25895307,28089824,28702365,26665886,26854244,27224582,27050822,75067788,83319335,88419821,89739026,94539002,92322279,97122239,1530187,1529887,1525614,1528476,1527037,1545674,1544926,262936,265432,269923,286312,266032,285176,274424
10,10,100,1,0,2,200,120,4,27601072,28570134,29410402,26220120,27102590,27173923,26803983,72667857,81346095,86446581,87739026,92539001,90322279,95122239,1595647,1584784,1579604,1582783,1586919,1600038,1594859,311628,279559,283989,279661,322167,335553,280662
10,10,100,1,0,2,200,124,4,27326886,30040003,30946299,29356459,28193203,28922805,30123114,79468088,87758886,92859371,94139027,98939002,96722279,101522240,1622321,1637640,1633418,1637156,1636591,1654736,1660111,363356,304071,298398,308407,297104,308926,360220
10,10,100,1,0,2,200,128,4,27201185,29661632,29203185,28461301,28446362,28405944,29124990,77068057,85758915,90859401,92139026,96939002,94722279,99522239,1694905,1696441,1683272,1693475,1689565,1702948,1704740,308033,378429,300035,309441,302381,316429,359605
10,10,100,1,0,2,200,132,5,29602558,32485574,32846993,29921378,29732389,30063000,29890341,83867708,92126536,98027021,98539026,104139002,101122279,106722239,1723434,1749343,1706778,1739294,1698189,1758383,1721139,350852,388401,345063,345741,327850,333984,345757
10,10,100,1,0,2,200,136,5,29884907,32456398,32863949,29971710,29940132,29947647,30326466,81467978,90152006,96052492,96539026,102139002,99122279,104722240,1805658,1803493,1763862,1798953,1766871,1811666,1780598,396227,379903,420103,344660,354349,350475,355116
10,10,100,1,0,2,200,140,5,30598161,32488858,33199070,31656786,31698080,31444121,31232900,88267988,96551295,102451781,102939026,108539002,105522279,111122239,1831586,1845792,1803198,1837152,1802045,1856970,1816621,411291,411300,369193,373420,374925,389035,369314
10,10,100,1,0,2,200,144,5,31411559,34151994,34277344,31033005,31405437,32091180,31639331,85867748,94521326,100421812,100939026,106539002,103522279,109122240,1911058,1906634,1867553,1901176,1873860,1919151,1885736,420832,439029,457432,419812,410436,410717,417591
10,10,100,1,0,2,200,148,5,32010765,35135954,34521996,32614861,33677541,33242157,32759964,92668018,100952076,106852561,107339026,112939002,109922279,115522239,1980729,2056399,2007138,2053023,2008559,2068584,2020351,450668,524437,440905,431093,426079,445158,436019
10,10,100,1,0,2,200,152,5,34203610,36653627,37045390,33375667,33952476,34008511,33861807,90267969,98942337,104842822,105339027,110939002,107922280,113522240,2020478,2014449,1982684,2010054,1990270,2028410,2003312,528124,467687,482462,461732,552273,466472,511636
10,10,100,1,0,2,200,156,5,33976566,35923999,36606612,34167580,33993672,35275411,34369549,97067918,105348286,111248771,111739026,117339002,114322279,119922239,2100834,2168818,2121355,2163531,2120324,2179451,2132732,487245,478470,486038,484855,474552,562745,591264
10,10,100,1,0,2,200,160,5,35461107,37143438,37775356,34351264,35986796,35089936,34199610,94667908,103339346,109239832,109739026,115339002,112322279,117922239,2218039,2220300,2175531,2218526,2184545,2239660,2199216,503430,504479,507112,504870,593196,585130,502589
10,10,100,1,0,2,200,164,6,37163369,39779257,39706842,36891463,35457868,37634511,36387144,101467929,109739297,116439783,116139027,122539003,118722280,125122240,2152779,2166360,2075592,2165831,2082682,2183838,2102235,573067,567006,554107,626993,547345,598500,567243
10,10,100,1,0,2,200,168,6,36268448,39504869,38643171,35775868,35532295,37593155,36552645,99067748,107725066,114425552,114139026,120539002,116722279,123122239,2339711,2333833,2241873,2336618,2243573,2352278,2258222,554793,650843,621216,580464,558931,595366,579265
10,10,100,1,0,2,200,172,6,38321898,40419986,40645970,37688184,37237777,38099380,37339704,105867978,114139326,120839812,120539027,126939002,123122279,129522240,2257094,2276373,2194323,2274222,2199620,2288634,2221288,596266,615036,609489,616241,611417,627853,701922
10,10,100,1,0,2,200,176,6,38590789,40118459,40599765,37329517,37034803,38279677,37098041,103467918,112142726,118843212,118539027,124939002,121122279,127522239,2444820,2449677,2359469,2445394,2361462,2461135,2376284,630292,626916,621067,636402,760742,690132,656342
10,10,100,1,0,2,200,180,6,39315262,42461655,42630849,41563900,39221118,40825354,39842323,110268009,118550387,125250873,124939028,131339002,127522281,133922240,2326518,2392590,2319756,2380381,2309352,2403232,2328543,642893,792742,813014,702096,688107,747611,708468
10,10,100,1,0,2,200,184,6,40596018,42293130,42514841,39567219,39038191,39568913,39163945,107867848,116535216,123235702,122939027,129339002,125522279,131922240,2552223,2554893,2455650,2550085,2462083,2570928,2480850,661174,694601,678347,672039,676920,686109,771696
10,10,100,1,0,2,200,188,6,41346581,43571343,43905059,42363354,40038374,41527883,40710716,114667808,122940596,129641082,129339027,135739002,131922280,138322240,2387048,2482272,2403901,2494209,2408892,2503374,2426015,683397,750484,757384,944870,772615,765971,761440
10,10,100,1,0,2,200,192,6,42254638,44033646,44142224,40902576,40015107,41442151,40246230,112267798,120937466,127637952,127339027,133739002,129922279,136322240,2654986,2662345,2577558,2654104,2575621,2676956,2599169,771584,791965,775927,776960,796266,794156,888569
10,10,100,1,0,2,200,196,7,43138862,45608597,45529242,43940689,42054552,42944935,42144030,119067789,127327987,134828473,133739027,140939003,136322280,143522241,2534984,2604687,2468866,2612919,2481875,2621728,2500871,785704,820051,804416,917454,808826,831278,822180
10,10,100,1,0,2,200,200,7,43733711,45381176,45472375,42392082,41347433,43356210,43337124,116667728,125329396,132829882,131739027,138939002,134322280,141522240,2644700,2649209,2522671,2644646,2526843,2664455,2565544,874148,844429,849014,840539,821845,878303,1035822
10,10,100,1,0,2,200,204,7,44609292,46713142,46419928,44458162,42870568,44510476,43022496,123467739,131729126,139229612,138139027,145339002,140722280,147922240,2710594,2815120,2669638,2803376,2668414,2830644,2687069,799541,905914,829080,961524,856865,861276,856583
10,10,100,1,0,2,200,208,7,45247226,47210940,47605378,45597903,43072483,46357364,43706318,121067699,129724887,137225373,136139028,143339004,138722281,145922241,2759389,2765443,2642859,2763247,2647646,2791473,2679593,966141,920323,929657,937870,914531,1001709,986126
10,10,100,1,0,2,200,212,7,46577673,50080807,48562283,47171037,44469331,46519647,44577247,127867799,136130497,143630982,142539027,149739002,145122280,152322240,2738619,2823292,2692375,2803563,2684154,2831475,2710056,911183,1141440,1006923,962362,944588,964385,969390
10,10,100,1,0,2,200,216,7,46852410,48715303,48774628,46279022,44422636,47058246,44818339,125467779,134127707,141628192,140539027,147739003,143122280,150322240,2860286,2867680,2748143,2859704,2773758,2897215,2782171,985634,990293,996031,983649,1129549,1020126,1015242
10,10,100,1,0,2,200,220,7,48061768,49710860,49642735,48610855,45957598,48361134,46538163,132267969,140546107,148046592,146939027,154139003,149522280,156722240,2916516,3023567,2887201,3011129,2880772,3038404,2904228,1067518,1026215,1016194,1022761,1018172,1056073,1123936
10,10,100,1,0,2,200,224,7,48399914,49914449,50507280,47444271,45890073,48206846,46166836,129867699,138524737,146025223,144939027,152139003,147522280,154722240,2961414,2975773,2871406,2970386,2853598,2986964,2875661,1061549,1120392,1151075,1057333,1041586,1098004,1083625
10,10,100,1,0,2,200,228,8,50354849,52234464,51662500,49727675,47153151,50013080,47519243,136667789,144932167,153232653,151339027,159339003,153922280,161922240,3014026,3141290,2935109,3124804,2926139,3159578,2949051,1074348,1150192,1095862,1200612,1146201,1155610,1105685
10,10,100,1,0,2,200,232,8,50965775,53758592,52678483,51485667,48338234,51464470,48714212,134267810,142927048,151227533,149339029,157339004,151922281,159922241,3087763,3100454,2928564,3101102,2941769,3128216,2959378,1238527,1174551,1180830,1216295,1262018,1186636,1213049
10,10,100,1,0,2,200,236,8,51942136,54127621,53188529,51045000,48807036,51705255,50138801,141067789,149332607,157633092,155739027,163739003,158322280,166322240,3007057,3142155,2936568,3127690,2951158,3166439,2988315,1130098,1263767,1152500,1193895,1146115,1298901,1225183
10,10,100,1,0,2,200,240,8,52541278,54741878,53404472,50964035,48645772,51757097,49078599,138667799,147332887,155633373,153739028,161739003,156322280,164322240,3295337,3292328,3102010,3277293,3083306,3304070,3106738,1271041,1263958,1264232,1245585,1206601,1248127,1274423
10,10,100,1,0,2,200,244,8,53594827,56332674,54671611,53298660,50919869,53232062,50499507,145467859,153733997,162034483,160139028,168139003,162722280,170722240,3113120,3351895,3162437,3339039,3158287,3367365,3181996,1221336,1411395,1267870,1330809,1257434,1331764,1249455
10,10,100,1,0,2,200,248,8,54330227,55826168,54983410,53415319,50689714,53550667,50452885,143067809,151741887,160042372,158139027,166139003,160722280,168722240,3296520,3309079,3123407,3309131,3134942,3332182,3157775,1395992,1426320,1340698,1487052,1383060,1421272,1312675
10,10,100,1,0,2,200,252,8,55526178,57638689,56413703,55611909,52262275,56641687,52124663,149867929,158139727,166440213,164539028,172539003,167122281,175122240,3230091,3398834,3230409,3396975,3213510,3421156,3225250,1344772,1547298,1413073,1584848,1417586,1636323,1381082
10,10,100,1,0,2,200,256,8,56119466,58070612,56507750,54926747,51638502,55427522,51952479,147467819,156140957,164441443,162539028,170539003,165122281,173122240,3499983,3507510,3327322,3497496,3329310,3525737,3348925,1587758,1626841,1383686,1670514,1335388,1645850,1357492
10,10,100,1,0,2,200,260,9,57716982,59852011,57728132,57261099,53142808,57721601,53275182,154267879,162532637,171633123,168939028,177739003,171522281,180322241,3272834,3463924,3237080,3450949,3212229,3487410,3245795,1507219,1806213,1477397,1824021,1442215,1837695,1472926
10,10,100,1,0,2,200,264,9,57990604,59659331,57877199,56264212,52872938,56979378,53156752,151867759,160529927,169630413,166939028,175739003,169522280,178322240,3610342,3619555,3380105,3617077,3383721,3640084,3410274,1656108,1603242,1456704,1598889,1510234,1644875,1460533
10,10,100,1,0,2,200,268,9,59542636,62033861,59753597,58869216,54692126,59566110,54950087,158667800,166929857,176030343,173339028,182139003,175922281,184722241,3407032,3583364,3358527,3581383,3359437,3608025,3373550,1734923,1948390,1630295,1974158,1666128,1990985,1612515
10,10,100,1,0,2,200,272,9,60175842,61967258,59592779,58672813,55982850,59397721,54892605,156267900,164939157,174039643,171339028,180139003,173922281,182722241,3702530,3700220,3474827,3684885,3462180,3716930,3488632,1990937,1932660,1616279,1994877,1619263,1978852,1593692
10,10,100,1,0,2,200,276,9,60959968,62768186,62041780,60031500,55987368,60546789,56138561,163067900,171340998,180441483,177739028,186539003,180322281,189122240,3532777,3696311,3474383,3691263,3447845,3717373,3473839,1823837,2046653,1608049,1989839,1569851,2031227,1535396
10,10,100,1,0,2,200,280,9,61957670,63494178,61733499,60137294,58733499,60872179,56533534,160667810,169336917,178437403,175739028,184539003,178322281,187122241,3745100,3750828,3542877,3739849,3511367,3771792,3536013,2100390,2079596,1867772,2047870,1818435,2060120,1728180
10,10,100,1,0,2,200,284,9,63003347,65084629,62792375,62314990,57918036,62766801,58047222,167467840,175734318,184834803,182139028,190939003,184722281,193522241,3630760,3854541,3674403,3839680,3644764,3877672,3671131,1988436,2289082,1928323,2276389,1997316,2265316,1984340
10,10,100,1,0,2,200,288,9,63456899,65154607,62980296,62047597,57759835,65092089,57882222,165067870,173740577,182841063,180139028,188939003,182722281,191522241,3850412,3844706,3631302,3841773,3651014,3880871,3681296,2350170,2328689,1818477,2314325,1999391,2310424,1967499
10,10,100,1,0,2,200,292,10,64073332,66431529,63542801,64584609,59385490,64616454,59286407,171868070,180142678,190043163,186539028,196139004,189122281,198722241,3728270,3896585,3626834,3885399,3602210,3926251,3634581,2068894,2314008,1859891,2353001,1893218,2318564,1915291
10,10,100,1,0,2,200,296,10,65583195,68125827,64936491,66508283,59835068,66296221,59959923,169467811,178139168,188039654,184539030,194139004,187122283,196722242,3987351,3998075,3739891,4001594,3721821,4023904,3753815,2520780,2436998,1749856,2447979,1842246,2433890,1884702
10,10,100,1,0,2,200,300,10,66352118,69064449,65956559,65868122,60714901,66188628,60849778,176267850,184539858,194440344,190939028,200539004,193522281,203122241,3868295,4044272,3825971,4026126,3772311,4069082,3806724,2215169,2510348,2179369,2499769,2143003,2480076,2163483
10,10,100,1,0,2,200,304,10,67137432,69185288,65806599,66051022,61054484,67025353,60530771,173867870,182537288,192437774,188939028,198539004,191522281,201122241,4050405,4056658,3823383,4048915,3798105,4069621,3822479,2581703,2589377,2207352,2575079,2287521,2527816,2252485
10,10,100,1,0,2,200,308,10,68623314,70797724,67156949,67544604,62029294,67811730,62275870,180667900,188941018,198841504,195339029,204939004,197922281,207522241,3952297,4171531,3903907,4157377,3913643,4184046,3953163,2328118,2567841,1986398,2558989,2067490,2536471,2127161
10,10,100,1,0,2,200,312,10,68872176,70937971,68294510,67359148,63030105,68046287,62440962,178267910,186934848,196835334,193339029,202939004,195922281,205522241,4154462,4154472,3919150,4140883,3860498,4176190,3892131,2707761,2671165,2432150,2665867,2396453,2634962,2378516
10,10,100,1,0,2,200,316,10,70752849,72258963,68421778,70606598,64326025,70326503,63874440,185067971,193340258,203240743,199739029,209339004,202322282,211922241,4076466,4354415,4128704,4345127,4118139,4396693,4149190,2500899,2753672,2099506,2741001,2371235,2757461,2350894
10,10,100,1,0,2,200,320,10,70293936,72479634,69196435,68613483,63798538,69337073,63830140,182667920,191341718,201242204,197739028,207339004,200322281,209922241,4262640,4262807,4020859,4261677,3997711,4295578,4028627,2731408,2720882,2310161,2701190,2521714,2672850,2497528
10,10,100,1,0,2,200,324,11,72108633,74391674,70053563,70769088,64741858,71286929,64973906,189467820,197734348,208434833,204139029,214539004,206722281,217122241,4189006,4479952,4211880,4471111,4169259,4511789,4209493,2624949,2887618,2515389,2871151,2585688,2852683,2597582
10,10,100,1,0,2,200,328,11,72236486,74272801,70285377,71577955,64814049,71058716,64938085,187067010,195739868,206440354,202138189,212538164,204721441,215121401,4373983,4376623,4118148,4385294,4073706,4406225,4107593,2918695,2883103,2109969,2909161,2290658,2815199,2281284
10,10,100,1,0,2,200,332,11,73985114,75654886,71833998,72402694,66391773,72676330,66644985,193866950,202131978,212832463,208538189,218938164,211121441,221521401,4350555,4639451,4339687,4570084,4311072,4631916,4352282,2823922,3012602,2309908,2986275,2535314,2966149,2484428
10,10,100,1,0,2,200,336,11,73635587,75769906,71824288,71668598,66505021,72398454,66415885,191466940,200131508,210831994,206538189,216938164,209121442,219521401,4485073,4488743,4221191,4482342,4193809,4528125,4223545,2967671,2948701,2307455,2935089,2543986,2907141,2513939
10,10,100,1,0,2,200,340,11,75178014,76822296,74437156,74694296,67451044,74070438,68641597,198267091,206538239,217238724,212938189,223338164,215521441,225921402,4485789,4731742,4428137,4719718,4408355,4757274,4446671,2947233,3105336,2438058,3102375,2492228,3057806,2582645
10,10,100,1,0,2,200,344,11,75392982,76583832,73281949,73391071,67662543,74126754,68042235,195866891,204531958,215232444,210938189,221338164,213521441,223921402,4586584,4591065,4323770,4589688,4298374,4619795,4328938,3049323,3021118,2430595,3006624,2662373,2987161,2612346
10,10,100,1,0,2,200,348,11,77042753,77937157,74774723,75524138,69934191,75973543,69917501,202666951,210931658,221632144,217338189,227738164,219921442,230321401,4458841,4810692,4508995,4792083,4493378,4834118,4531842,3056809,3132662,2537217,3116031,2766130,3098777,2777972
10,10,100,1,0,2,200,352,11,78389362,78492855,75112843,75139958,69578497,75753790,69734685,200267061,208937809,219638294,215338189,225738164,217921442,228321402,4720096,4725523,4443762,4721216,4429110,4755909,4460613,3188823,3148709,2543670,3137512,2815126,3127655,2795065
10,10,100,1,0,2,200,356,12,78179265,79868021,76840790,77046781,70625233,77506142,71030537,207066951,215333879,226834364,221738189,232938164,224321442,235521402,4543554,4936990,4581580,4905319,4548490,4955317,4599886,3177129,3228249,2540423,3202096,2670945,3227545,2753022
10,10,100,1,0,2,200,360,12,78667553,79940324,76568749,76799572,70759563,77463351,70640044,204667071,213337309,224837794,219738189,230938164,222321442,233521401,4805781,4813935,4467482,4812968,4436638,4839152,4475622,3097040,3179646,2595267,3184320,2796601,3140473,2757569
10,10,100,1,0,2,200,364,12,80293543,81836993,77991210,78750376,72238995,79158655,72528710,211467021,219736389,231236874,226138189,237338165,228721442,239921402,4656978,5049793,4699040,5022510,4672293,5070729,4713580,3266861,3308533,2723303,3294466,2944223,3283876,2936107
10,10,100,1,0,2,200,368,12,80120126,81377645,78076001,77959003,72261926,79358643,72381110,209067081,217738308,229238794,224138189,235338164,226721442,237921402,4893993,4895975,4570876,4896099,4529436,4928224,4571710,3231552,3253204,2680673,3212200,2888442,3198218,2890539
10,10,100,1,0,2,200,372,12,81465594,83577052,80414631,80330344,73694398,80804687,73956131,215866981,224135419,235635904,230538189,241738164,233121442,244321402,4766665,5175972,4800140,5157520,4766813,5202643,4806091,3416475,3423478,2823554,3394297,2947430,3401247,3008442
10,10,100,1,0,2,200,376,12,82041902,83076774,79513255,79812999,73397983,80617935,73519986,213467001,222137439,233637924,228538189,239738164,231121442,242321402,5065774,5057403,4716896,5043325,4691626,5091927,4726093,3373081,3332681,2771066,3317865,2958392,3283052,2922409
10,10,100,1,0,2,200,380,12,84874622,85133502,81612721,82018747,75264056,82495998,76199833,220266991,228533509,240033995,234938189,246138165,237521442,248721402,4846314,5269132,4927730,5253951,4885101,5287845,4919416,3460226,3466594,2962847,3457864,3190331,3457561,3182211
10,10,100,1,0,2,200,384,12,84825675,84929753,83120430,81529055,77234069,81806182,77522110,217867061,226534059,238034545,232938189,244138165,235521442,246721402,5123872,5148897,4823802,5139764,4737394,5181307,4777913,3502988,3504872,2947119,3497533,3174638,3442036,3153622
10,10,100,1,0,2,200,388,13,86274918,86107006,82886603,84203249,76927025,83808921,76827809,224667071,232933359,245233845,239338190,251338165,241921442,253921402,4777813,5200434,4817022,5168783,4746968,5213453,4791514,3440898,3426816,2902363,3405229,3097387,3371285,3090083
10,10,100,1,0,2,200,392,13,84914145,86479171,83101664,86313116,76434608,84036368,76656728,222267001,230932909,243233395,237338190,249338165,239921442,251921402,5249543,5241086,4873674,5236000,4815917,5286025,4856993,3607144,3556848,2972302,3563226,3196148,3515078,3192743
10,10,100,1,0,2,200,396,13,86826757,87836046,84818959,85058824,78019510,85448341,78447547,229066981,237332579,249633065,243738190,255738165,246321442,258321402,4914215,5306608,4934967,5244722,4851066,5308796,4889175,3514036,3517340,3021504,3496275,3205185,3465207,3198960
10,10,100,1,0,2,200,400,13,86707309,88274560,85752027,84840096,78170571,85520929,78194021,226666921,235335529,247636015,241738190,253738165,244321442,256321402,5390685,5387192,4994685,5379401,4943571,5419169,4976203,3597195,3554270,3097628,3533061,3273651,3517718,3247825
10,10,100,1,0,2,200,404,13,88754625,90892582,87698195,88387698,80232215,87507047,80364375,233467032,241737159,254037645,248138190,260138165,250721443,262721402,5103922,5456951,5099206,5430232,5030047,5448740,5065160,3700972,3716218,3152686,3687198,3431262,3659293,3394882
10,10,100,1,0,2,200,408,13,88918992,89522817,86803394,87494792,81230517,87495512,79933102,231066971,239737659,252038145,246138190,258138165,248721443,260721402,5487611,5483224,5058060,5480328,5004491,5526968,5044597,3666552,3636288,3078702,3625037,3295426,3596051,3243833
10,10,100,1,0,2,200,412,13,91442294,92464457,88566718,89423938,82969808,90242024,82748196,237867093,246137180,258437665,252538191,264538166,255121443,267121403,5234240,5549041,5213050,5520103,5139433,5571870,5182175,3772947,3799296,3255025,3773765,3515810,3728892,3474901
10,10,100,1,0,2,200,416,13,90181023,91212123,88038493,87748631,81363207,88336528,81377000,235467011,244137349,256437835,250538190,262538165,253121443,265121403,5535068,5538490,5224529,5532903,5146909,5584391,5170299,3778298,3751394,3220095,3748912,3454068,3703057,3418851
10,10,100,1,0,2,200,420,14,92660895,94369343,93160130,91775956,84410810,90862693,85464970,242267023,250534201,263634686,256938191,269738166,259521444,272321404,5287504,5633272,5225254,5627488,5173421,5659023,5215132,3826977,3837616,3265442,3828833,3531798,3789417,3531480
10,10,100,1,0,2,200,424,14,91861474,92920376,89885230,89441133,83512986,90444805,83013316,239867122,248536719,261637205,254938190,267738165,257521443,270321402,5668380,5655285,5241474,5650072,5196392,5703394,5225672,3881207,3844460,3251468,3807013,3510235,3786692,3450331
10,10,100,1,0,2,200,428,14,94339324,96103447,94512073,92337404,86735826,94240423,84645977,246667003,254934561,268035047,261338191,274138167,263921444,276721404,5421605,5755223,5354215,5743079,5290700,5781987,5314630,3869114,3909477,3308308,3897681,3614462,3868284,3577646
10,10,100,1,0,2,200,432,14,93206657,94742476,91467720,91316271,84175938,93254537,84357710,244267052,252934319,266034805,259338190,272138165,261921443,274721403,5842748,5824626,5370127,5818500,5340673,5854178,5372900,3790511,3875958,3303419,3854282,3517136,3823614,3506223
10,10,100,1,0,2,200,436,14,96031028,98028898,95115147,95189304,86305778,95811203,89249143,251067093,259334121,272434607,265738192,278538166,268321444,281121404,5590175,5860335,5444608,5848559,5400449,5893274,5432795,3853180,3985138,3388215,3980927,3695530,3949235,3697865
10,10,100,1,0,2,200,440,14,95136056,95983692,92850509,92399305,85814452,93298590,85975300,248666982,257335821,270436306,263738192,276538165,266321443,279121403,5921619,5897797,5446152,5886885,5411991,5932437,5453864,3838800,3898684,3343187,3876688,3591800,3861877,3570523
10,10,100,1,0,2,200,444,14,96994738,98096753,94662322,95953759,87803913,95425397,88012304,255467052,263736240,276836725,270138190,282938165,272721443,285521403,5629269,5969323,5534042,5948183,5467865,5988903,5507176,3841455,3966422,3352535,3969095,3626128,3924897,3596908
10,10,100,1,0,2,200,448,14,96412495,98706565,96158327,95460201,88916890,96751231,88784092,253067023,261734161,274834646,268138191,280938166,270721444,283521403,6023343,6031924,5651067,6045403,5611762,6077037,5631310,4038344,4120206,3481579,4127860,3786871,4087135,3763005
10,10,100,1,0,2,200,452,15,98554244,99404545,96770193,97646792,91406737,97030007,89920840,259867072,268134410,282034895,274538190,288138166,277121443,290721403,5708813,6060769,5549966,6023136,5489959,6076115,5531352,3898540,4034245,3384592,4045110,3667233,4005135,3620116
10,10,100,1,0,2,200,456,15,98563394,103365142,99450514,100050390,91960464,100613367,92238561,257467014,266134072,280034558,272538192,286138167,275121445,288721405,6143233,6146542,5679475,6144956,5637093,6186431,5682237,4119480,4200103,3512266,4160820,3884006,4132493,3862239
10,10,100,1,0,2,200,460,15,100280471,100851502,98044331,97945947,92692899,98428527,91246308,264267002,272534000,286434485,278938190,292538166,281521443,295121403,5782288,6144844,5653447,6110878,5575245,6170447,5615210,3913144,4084848,3444569,4066288,3723992,4043409,3678373
10,10,100,1,0,2,200,464,15,99899747,101214327,98308083,97768288,91191869,99923424,91072078,261867012,270536180,284436666,276938190,290538165,279521443,293121403,6264705,6247905,5725900,6235035,5681447,6292314,5723833,4208888,4179842,3515838,4148847,3777707,4124652,3745236
10,10,100,1,0,2,200,468,15,102434881,103330647,101440652,100502644,93633696,101497561,94046482,268667023,276935351,290835836,283338191,296938166,285921444,299521404,5965505,6272378,5822310,6253589,5757987,6320023,5800472,4113429,4274084,3614137,4254323,3926376,4251333,3908790
10,10,100,1,0,2,200,472,15,101203161,102780295,100330322,99667352,92991275,101793144,93015422,266267013,274935870,288836356,281338191,294938166,283921444,297521403,6360860,6340233,5786100,6317712,5753579,6389741,5797350,4161319,4233414,3543272,4197249,3816091,4182957,3784650
10,10,100,1,0,2,200,476,15,104637698,104332284,101484852,101508185,94661297,101993405,94478419,273066993,281336820,295237306,287738191,301338166,290321444,303921403,6090328,6394957,5927425,6370186,5873743,6418706,5907749,4206956,4370606,3678754,4336776,3998246,4319653,3963016
10,10,100,1,0,2,200,480,15,102924590,105234638,103583114,102487328,96273600,103059294,95992523,270667043,279335301,293235787,285738192,299338167,288321444,301921404,6452200,6453097,5975092,6453295,5928081,6496256,5973634,4338756,4394179,3690193,4371177,4018486,4369280,3997284
10,10,100,1,0,2,200,484,16,105886023,106168886,104099656,103484949,97188555,103786750,96496215,277467053,285734720,300435206,292138191,306538166,294721444,309121404,6168278,6506643,5886263,6439700,5841757,6494926,5886649,4168634,4350049,3595034,4308067,3910182,4271333,3864834
10,10,100,1,0,2,200,488,16,104632823,106472128,105139841,103213576,97066651,104565438,98681171,275067054,283735041,298435527,290138191,304538166,292721444,307121404,6554643,6554129,6009437,6545413,5995472,6615440,6029959,4418550,4491497,3722913,4469428,4078214,4444539,4057724
10,10,100,1,0,2,200,492,16,107231716,107523397,105631090,105169885,97819480,105528459,97964640,281867143,290135520,304836006,296538191,310938166,299121444,313521403,6224766,6524099,5981716,6498565,5908657,6534534,5949068,4288091,4459887,3701086,4438131,4014814,4398887,3983186
10,10,100,1,0,2,200,496,16,106588956,109606957,108028742,106461279,100180370,106223323,102120083,279467014,288134252,302834737,294538192,308938167,297121445,311521404,6672185,6671317,6100395,6680335,6071598,6714410,6111704,4507463,4584708,3760876,4566177,4111165,4523719,4088458
10,10,100,1,0,2,200,500,16,109143642,108891040,107513968,106002269,99692023,106728890,99847978,286267073,294536481,309236966,300938191,315338166,303521444,317921404,6389996,6697077,6086258,6657059,6032103,6702254,6074396,4295140,4459151,3693229,4436721,3988735,4405864,3972714
10,10,100,1,0,2,200,504,16,109161852,109221313,108357947,105943001,99989602,106479123,99988104,283867063,292535651,307236136,298938191,313338166,301521444,315921403,6803575,6775878,6132768,6763800,6083607,6810499,6123195,4469070,4511295,3734240,4509327,3997661,4473177,3986489
10,10,100,1,0,2,200,508,16,110403993,110836962,110765454,108672783,102700677,108698445,102437019,290666923,298934261,313634747,305338192,319738167,307921445,322321404,6515054,6797525,6244157,6783553,6199714,6843529,6238992,4496059,4676466,3824400,4680021,4172775,4608427,4131539
10,10,100,1,0,2,200,512,16,109437062,111470083,118243128,108984145,110213957,108799185,110385625,288267043,296934981,311635467,303338191,317738167,305921444,320321404,6856036,6914200,6413210,6900055,6130855,6940155,6172192,4481348,4631279,3824057,4642562,3642072,4570651,3605724
10,10,100,1,0,2,200,516,17,113850817,112310008,111121723,109450205,102947035,110162668,104468765,295067043,303335601,318836087,309738192,324938167,312321444,327521404,6582952,6922166,6264026,6875190,6173251,6934524,6215510,4490063,4612974,3818623,4576875,4126557,4548901,4129660
10,10,100,1,0,2,200,520,17,110652163,112157276,112010851,108404728,106143243,109326779,104561093,292667053,301334231,316834716,307738191,322938167,310321444,325521404,6996217,6976673,6278722,6960090,6196324,7022318,6250541,4596569,4650361,3844186,4634987,4155563,4609592,4099077
10,10,100,1,0,2,200,524,17,115657146,115579512,114238451,112659313,107309257,114792827,107846499,299466994,307735152,323235638,314138192,329338168,316721446,331921405,6832870,7021629,6411091,7023023,6342816,7065786,6383031,4699790,4844602,3980518,4818123,4371379,4803820,4353100
10,10,100,1,0,2,200,528,17,112426223,113920287,113385355,110397272,106737145,110902254,104979516,297067013,305734011,321234497,312138191,327338167,314721444,329921404,7096639,7070653,6384951,7066289,6289909,7121637,6335013,4673309,4719534,3908512,4711821,4183827,4676436,4161967
10,10,100,1,0,2,200,532,17,117129517,117261438,115620637,114022388,109605165,113390756,109056883,303866965,312136283,327636768,318538193,333738168,321121446,336321406,6846955,7108933,6492320,7096515,6397259,7160516,6436771,4756945,4877649,4001899,4854559,4345067,4831453,4304667
10,10,100,1,0,2,200,536,17,114330467,115530456,115069578,112415341,107937907,113394060,106718673,301467053,310134691,325635176,316538191,331738167,319121444,334321404,7226646,7187916,6455203,7181343,6363702,7231550,6404399,4762471,4822113,3964698,4782833,4237265,4773740,4220796
10,10,100,1,0,2,200,540,17,118476757,118302332,117856053,114810952,110190698,116953802,110232027,308267035,316535703,332036188,322938193,338138169,325521446,340721406,6983982,7224517,6608841,7210188,6506189,7288092,6549327,4720574,4955915,4081083,4946326,4427429,4932725,4387949
10,10,100,1,0,2,200,544,17,116163321,119700152,116506370,113923942,108471175,115016945,109181417,305867003,314535731,330036217,320938191,336138167,323521445,338721404,7310887,7291869,6567047,7293591,6421188,7346255,6466118,4911993,4889604,4031266,4874695,4280640,4849684,4248170
10,10,100,1,0,2,200,548,18,120140885,118518846,119973202,115629336,111186185,117608397,110004733,312667023,320936461,337236947,327338191,343338167,329921444,345921404,7081260,7262858,6536706,7245337,6416156,7311399,6463952,4768543,4988658,4048559,4961699,4395420,4957933,4385770
10,10,100,1,0,2,200,552,18,117646694,118575676,119952616,114819640,109851857,116607110,110069029,310266963,318934871,335235357,325338191,341338167,327921445,343921404,7415722,7392145,6675345,7403731,6571591,7446147,6605422,5137356,5098753,4182606,5084251,4506199,5053466,4504461
10,10,100,1,0,2,200,556,18,121657148,120398333,121206124,117632009,112080663,120678481,112633148,317067034,325336281,341636767,331738192,347738167,334321445,350321404,7113350,7416181,6652042,7389019,6511497,7458808,6554681,4778257,5020628,4089031,4983203,4401923,4965428,4359150
10,10,100,1,0,2,200,560,18,119051703,120284604,120279604,118718557,114444077,119212959,114374514,314667053,323334781,339635267,329738192,345738167,332321445,348321405,7437689,7416473,6732552,7416428,6570194,7485089,6615761,5139104,5094035,4180940,5070878,4450748,5036705,4421905
10,10,100,1,0,2,200,564,18,123937423,122260978,123772004,119227688,113376110,119688431,117701187,321467044,329735672,346036157,336138192,352138167,338721445,354721405,7280872,7520289,6743519,7494106,6571833,7545290,6610568,4802623,5049414,4149123,5042927,4408443,4987642,4368154
10,10,100,1,0,2,200,568,18,120665376,122035608,123999928,120041574,117870375,121678733,116671766,319067024,327735601,344036087,334138192,350138167,336721445,352721405,7559693,7541988,6779917,7540215,6641426,7588711,6672580,5225642,5173108,4226455,5186449,4500907,5145148,4469069
10,10,100,1,0,2,200,572,18,125551967,123476624,124544640,120891007,118893078,121430162,118829399,325866914,334135471,350435957,340538192,356538168,343121445,359121405,7287502,7634897,6832397,7609039,6661709,7666131,6703711,4877858,5130207,4207815,5103879,4469281,5076286,4446733
10,10,100,1,0,2,200,576,18,123122127,125154966,125185422,122476526,119834038,123427220,119469868,323467025,332134653,348435139,338538194,354538168,341121447,357121406,7763179,7755621,7028122,7768140,6879427,7808147,6907537,5409829,5370036,4335803,5351682,4636078,5328427,4611940
10,10,100,1,0,2,200,580,19,126625645,125112769,129614321,123600563,122261494,124418930,121249581,330267014,338535832,355636317,344938192,361738168,347521445,364321405,7379106,7732460,6796231,7705579,6686200,7772328,6714074,4970695,5210882,4218457,5181747,4531877,5161603,4520736
10,10,100,1,0,2,200,584,19,125442643,127411341,128782866,125298127,122291511,124013549,121986534,327867045,336534933,353635419,342938194,359738169,345521446,362321406,7857718,7830359,6965303,7840774,6862277,7880034,6904088,5457208,5409287,4367181,5390901,4698360,5380341,4670165
10,10,100,1,0,2,200,588,19,128841892,127323496,129158111,124682298,123508003,125915801,122515069,334666995,342935532,360036018,349338193,366138168,351921445,368721406,7486730,7862718,6967071,7841342,6806611,7910893,6853001,5011636,5292743,4295333,5277540,4610699,5245689,4580221
10,10,100,1,0,2,200,592,19,126230459,128416136,130279720,126129078,122479054,125622883,121938704,332267064,340935492,358035977,347338192,364138167,349921445,366721405,7957574,7936429,7120556,7941098,6994436,8011428,7032085,5545747,5475068,4444339,5486096,4816393,5446689,4795543
10,10,100,1,0,2,200,596,19,131992021,130104893,131031378,127116075,124355360,127017607,124517015,339067004,347334562,364435047,353738192,370538168,356321445,373121405,7586317,7952583,7054864,7952543,6870220,7998449,6910411,5084532,5354275,4358009,5368327,4672483,5327089,4658018
10,10,100,1,0,2,200,600,19,128482569,130980276,132881264,128695368,125850922,128382242,124902650,336667076,345334564,362435050,351738194,368538169,354321447,371121407,8052442,8038268,7194817,8049994,7056464,8093958,7098253,5613286,5542014,4491687,5551329,4873990,5518642,4826030
10,10,100,1,0,2,200,604,19,133887293,133294141,132372925,128802023,126239023,130933147,125838620,343467084,351734772,368835258,358138192,374938168,360721445,377521405,7725135,8048177,7227847,8049702,7052716,8095578,7095423,5214893,5548203,4502831,5522875,4844676,5485535,4816220
10,10,100,1,0,2,200,608,19,130232081,131965959,132863076,128543472,126124690,130859643,125183146,341066964,349735012,366835498,356138192,372938168,358721446,375521405,8165437,8137825,7225858,8150359,7022328,8207620,7061464,5536116,5471015,4416205,5471627,4736999,5456187,4699307
10,10,100,1,0,2,200,612,20,136259164,134347139,138766817,130892098,128058663,131750160,128736410,347866996,356135853,374036339,362538193,380138168,365121446,382721406,7818756,8175039,7169862,8183891,7132197,8232739,7165217,5452055,5707344,4523537,5653720,5024346,5635556,4979064
10,10,100,1,0,2,200,616,20,131877895,133371140,138460375,130024564,132143732,129771489,127773273,345467024,354135952,372036438,360538193,378138168,363121445,380721405,8276491,8227450,7164459,8225915,7040437,8293379,7094595,5540246,5525785,4423498,5526705,4876166,5498326,4776203
10,10,100,1,0,2,200,620,20,138606664,136728911,140130098,133771712,131377299,134509806,131795313,352266927,360535294,378435781,366938195,384538170,369521448,387121408,7959447,8294773,7332820,8295408,7228576,8344573,7268280,5468258,5715855,4588692,5715812,5010333,5690883,5012661
10,10,100,1,0,2,200,624,20,133476588,135307607,144207094,131821859,129583001,131131686,129021508,349866984,358536272,376436759,364938193,382538168,367521445,385121405,8348717,8336690,7394351,8344506,7242826,8400201,7284760,5817743,5737664,4678605,5744630,5019502,5728402,5008176
10,10,100,1,0,2,200,628,20,139984033,136762635,139263830,132824710,131879428,135764839,132552296,356667045,364935992,382836478,371338193,388938168,373921446,391521406,7971196,8376114,7381553,8378168,7173615,8438582,7218487,5319835,5655329,4551437,5641472,4924089,5621978,4869368
10,10,100,1,0,2,200,632,20,135476926,138147173,141304358,135928528,133151885,136178818,132735606,354267037,362935805,380836291,369338196,386938171,371921448,389521408,8476330,8456444,7492786,8459473,7358481,8548536,7391870,5902260,5841098,4696890,5824498,5106468,5814396,5093032
10,10,100,1,0,2,200,636,20,141564661,139906894,141586096,134734028,133712464,136000623,133390027,361066965,369335782,387236268,375738193,393338168,378321446,395921405,8033292,8468020,7504776,8453599,7248132,8528839,7292059,5471721,5715613,4641589,5704348,4935603,5662514,4905365
10,10,100,1,0,2,200,640,20,136329713,138814270,142301262,136103702,133751966,134594769,133413969,358666985,367335293,385235780,373738194,391338169,376321447,393921407,8584757,8597621,7741673,8604778,7521842,8673988,7567816,5912381,6003509,4756105,6020486,5006989,5955509,4969573
10,10,100,1,0,2,200,644,21,143680605,139737939,146529854,136099667,136041186,137604452,135727492,365467035,373735263,392435749,380138193,398538168,382721446,401121406,8086430,8557310,7409999,8554659,7256036,8611138,7299414,5505684,5765057,4596182,5758308,5048785,5740856,4996015
10,10,100,1,0,2,200,648,21,139476010,139844827,146787394,136533638,135556644,136020086,135456341,363066975,371735333,390435818,378138193,396538168,380721446,399121406,8697332,8655366,7472291,8658722,7290380,8723741,7329434,5921307,5851501,4607268,5833666,5039994,5823084,5039562
10,10,100,1,0,2,200,652,21,145928216,143156675,146861708,137974911,137287172,137896062,136993422,369867015,378136233,396836718,384538193,402938169,387121446,405521406,8362062,8695718,7688878,8689615,7527631,8766429,7563518,5754353,6075500,4857729,6028031,5333311,6010200,5288627
10,10,100,1,0,2,200,656,21,139982962,141711979,146618592,140102637,137318654,137581583,136741495,367467045,376136013,394836499,382538193,400938169,385121446,403521406,8787845,8746275,7635071,8752129,7399866,8810933,7446525,5960417,5927387,4750667,5914214,5102303,5882786,5067883
10,10,100,1,0,2,200,660,21,146925066,143983875,148619921,140619207,139026359,141130987,139722155,374267016,382534904,401235389,388938194,407338170,391521447,409921407,8431691,8831018,7777851,8819119,7609881,8900813,7653429,5862151,6118397,4880365,6132475,5371719,6086162,5327163
10,10,100,1,0,2,200,664,21,141851651,143966509,148727442,140033995,140404629,140521379,139538629,371866946,380534914,399235400,386938195,405338170,389521447,407921407,8914214,8897862,7821086,8916055,7646789,8983746,7685850,6214557,6151464,4899865,6141784,5393347,6162851,5339102
10,10,100,1,0,2,200,668,21,148441732,145062036,149728027,140609749,141696058,142537839,141148029,378667066,386934793,405635279,393338193,411738169,395921446,414321406,8451527,8815222,7821177,8834721,7547722,8879162,7582032,5853159,6115968,4858006,6094120,5287037,6090170,5227902
10,10,100,1,0,2,200,672,21,143081618,145078198,149406889,141110798,140913454,141762654,140719918,376267105,384935113,403635599,391338194,409738169,393921446,412321406,8987155,8948246,7880521,8971422,7563711,9023216,7603405,6110685,6043527,4813972,6052559,5152618,6031565,5152655
10,10,100,1,0,2,200,676,22,152965982,147810947,155277856,143947068,144140894,144319549,143699480,383067138,391335615,410836101,397738195,416938171,400321448,419521408,8694662,9019764,7829177,9048295,7728093,9077838,7761099,5980239,6247730,4961426,6247309,5494899,6252176,5476926
10,10,100,1,0,2,200,680,22,146072018,146174395,154428078,141355041,143891779,142106444,143286044,380667025,389336303,408836789,395738193,414938169,398321446,417521406,9129036,9075875,7814651,9087635,7625441,9163450,7669560,6153069,6166295,4801963,6157271,5277358,6149119,5253879
10,10,100,1,0,2,200,684,22,161531559,149603196,152213109,146439168,141334786,146540656,141607200,387466968,395734535,415235021,402138195,421338171,404721449,423921408,9182199,9119810,8148420,9127286,7785916,9166837,7825534,5608579,6303571,5278685,6293795,5825601,6264832,5799838
10,10,100,1,0,2,200,688,22,146730517,148397742,152748182,142874437,142499950,145431029,142683014,385066975,393734543,413235029,400138193,419338169,402721446,421921406,9242800,9173812,8052331,9183982,7690025,9241142,7734018,6197182,6182661,4969965,6179994,5391461,6174167,5379897
10,10,100,1,0,2,200,692,22,154269604,149895688,154596569,145549594,146136419,145653743,145580265,391866996,400135263,419635749,406538193,425738169,409121447,428321406,8926008,9187672,8085257,9190299,7721845,9246247,7773341,5826021,6217807,4997185,6202923,5383966,6180891,5379686
10,10,100,1,0,2,200,696,22,147843433,149539849,156090479,145423279,146355176,148583830,145590616,389466986,398135784,417636270,404538194,423738170,407121447,426321407,9314843,9297810,8173478,9312055,7938164,9358002,7964763,6439694,6453906,5131614,6440381,5588393,6421927,5560410
10,10,100,1,0,2,200,700,22,156352265,150898309,157751664,147235156,149111007,151802587,148032564,396267006,404535973,424036459,410938194,430138169,413521447,432721407,8958040,9318527,8224664,9314772,7795536,9375375,7839110,5910547,6304200,5043915,6295521,5423254,6266098,5385292
10,10,100,1,0,2,200,704,22,148421529,150572303,158019206,150374845,148597183,149826580,147679934,393867075,402534853,422035339,408938194,428138169,411521447,430721407,9419362,9406449,8275233,9399344,7902570,9475640,7942700,6365336,6409971,5094649,6384032,5372700,6326740,5314064
10,10,100,1,0,2,200,708,23,157393970,152945172,166609399,153594568,150423848,153126915,150604282,400667046,408936053,429236540,415338194,435338170,417921447,437921407,9340132,9650128,8235183,9682819,8140579,9739392,8182673,6199805,6647943,5247202,6649535,5863107,6621840,5851770
10,10,100,1,0,2,200,712,23,150013969,151267014,164051103,152569297,150670320,152238456,150223055,398267005,406935413,427235900,413338194,433338170,415921447,435921407,9547781,9495638,8083066,9490888,7866201,9557122,7904075,6435207,6409381,5036105,6387926,5524629,6398740,5480153
10,10,100,1,0,2,200,716,23,158903547,154833760,166333963,155817097,153355449,155285219,152997590,405067069,413334936,433635423,419738197,439738172,422321449,442321409,9372500,9546601,8218487,9560576,8092841,9608458,8128664,6226356,6612556,5216369,6629753,5773583,6590016,5730780
10,10,100,1,0,2,200,720,23,151303320,152738636,161852588,156955284,152334579,153820141,151786400,402666996,411336173,431636660,417738195,437738170,420321447,440321407,9676354,9626881,8330097,9618188,7977428,9699912,8013171,6500361,6523496,5162518,6509051,5534524,6474682,5492814
10,10,100,1,0,2,200,724,23,160791745,154356301,164092463,155652093,153841445,155806905,153705975,409467066,417735383,438035870,424138194,444138170,426721447,446721407,9355792,9613475,8386462,9610545,7995476,9683908,8036325,6086418,6529811,5188332,6494122,5587977,6462943,5569093
10,10,100,1,0,2,200,728,23,152975325,154746266,164731335,155886358,153749240,157417701,153527001,407066936,415734954,436035440,422138194,442138170,424721447,444721407,9762319,9746398,8489569,9744298,8264482,9799431,8295043,6763748,6784729,5367750,6759009,5838410,6775979,5814461
10,10,100,1,0,2,200,732,23,164178814,156399075,166654899,158099371,155900422,157912352,155256567,413867046,422135344,442435830,428538195,448538170,431121447,451121407,9410064,9739089,8487656,9736528,8088903,9802383,8134400,6142994,6605171,5268077,6561322,5655821,6521763,5603542
10,10,100,1,0,2,200,736,23,154756178,159050267,167217410,157489324,156774800,157428998,155429169,411466947,420135235,440435721,426538195,446538171,429121448,449121408,9866926,9845323,8636356,9824157,8379091,9923964,8414382,6810450,6850726,5450058,6832417,5865645,6835149,5825202
10,10,100,1,0,2,200,740,24,164391866,158858902,176228521,159811126,158373138,162710561,157867027,418267067,426535564,447636051,432938195,453738170,435521448,456321407,9669224,9863684,8342419,9852850,8110066,9916795,8154253,6237919,6682325,5246537,6659474,5720482,6668480,5673645
10,10,100,1,0,2,200,744,24,156692317,161013016,177213788,159075153,157254325,159497005,159931652,415867067,424535416,445635902,430938196,451738171,433521449,454321409,9988345,9956476,8447395,9979663,8354052,10027372,8396002,6913460,6928546,5432148,6929484,5995234,6921846,5980600
10,10,100,1,0,2,200,748,24,166471268,162656587,176337854,161028175,159331674,162001323,159363372,422667157,430935894,452036381,437338195,458138170,439921448,460721407,9695099,9932835,8452346,9917863,8175549,9990005,8213972,6360883,6718029,5341317,6739831,5791557,6713201,5765211
10,10,100,1,0,2,200,752,24,157664534,162800708,173724671,160603022,159498713,160607461,159314173,420266956,428934294,450034781,435338194,456138171,437921447,458721408,9982565,9950013,8693674,9949872,8325011,10029922,8360571,6884240,6889878,5462672,6874165,5852942,6880081,5817295
10,10,100,1,0,2,200,756,24,168167012,164889139,178388477,162498196,161917804,162202422,161960730,427067057,435335694,456436181,441738195,462538170,444321447,465121408,9891912,10055424,8625540,10046915,8277573,10125103,8317782,6316773,6822535,5415174,6787349,5821967,6774021,5817126
10,10,100,1,0,2,200,760,24,161083004,165406324,178356281,167162675,163897514,167020525,162976032,424667086,433334994,454435481,439738195,460538170,442321448,463121408,10082190,10061829,8702339,10070671,8362901,10129618,8447054,6980610,6988004,5501644,6984140,5955320,6963683,5928503
10,10,100,1,0,2,200,764,24,172611023,167400508,179361726,166668003,165234393,167751562,164709167,431467078,439735935,460836421,446138196,466938171,448721448,469521408,10087871,10177836,8929818,10183031,8624984,10269215,8648195,6599866,7067525,5683637,7076779,6090924,7069879,6041477
10,10,100,1,0,2,200,768,24,162338107,168297470,181399261,167356574,166520899,166014560,166908521,429067016,437735124,458835611,444138195,464938171,446721448,467521408,10147469,10152791,8974666,10160961,8721217,10204053,8795126,7032743,7090925,5450307,7056821,5475756,7047882,5431125
10,10,100,1,0,2,200,772,25,174200992,169399300,186520986,169068381,168835853,169305007,167985725,435867027,444135744,466036231,450538195,472138170,453121448,474721408,10116675,10200763,8633351,10190039,8492524,10262427,8498115,6605422,7088225,5535077,7073007,6049250,7027708,6064686
10,10,100,1,0,2,200,776,25,164172835,170096721,186413160,168118586,167942316,167955719,168375751,433466969,442136087,464036574,448538198,470138173,451121451,472721411,10414328,10406773,8782878,10400801,8671161,10452515,8710402,7231088,7208251,5628177,7196349,6207282,7193722,6168724
10,10,100,1,0,2,200,780,25,178875205,170640530,189221548,170896055,172451500,172194630,169337348,440267088,448536014,470436501,454938195,476538171,457521448,479121408,10173889,10298557,8731480,10318063,8544623,10356285,8568417,6736896,7134382,5615302,7166259,6067536,7127954,6030264
10,10,100,1,0,2,200,784,25,165979766,170834966,186658145,171214411,169406642,169821467,167300640,437867049,446535506,468435993,452938197,474538172,455521450,477121410,10515309,10471800,8976285,10476139,8760639,10572502,8810110,7375382,7306197,5742592,7295415,6254468,7294753,6203089
10,10,100,1,0,2,200,788,25,179767627,172012827,185226856,173354836,170790528,172908928,170290510,444667158,452935394,474835881,459338196,480938171,461921448,483521408,10230968,10355274,9031392,10366298,8713561,10413925,8705839,6658605,7205939,5765111,7183564,6091841,7152969,6079112
10,10,100,1,0,2,200,792,25,167738199,172955520,187547173,175058477,170269157,172929574,171348156,442267129,450934827,472835314,457338198,478938173,459921450,481521410,10648471,10605820,9088826,10633497,8834852,10681211,8886673,7392098,7395829,5782054,7392504,6304888,7383624,6263620
10,10,100,1,0,2,200,796,25,179905979,173637678,190210471,173522805,173282328,174130660,172603236,449067027,457335205,479235692,463738196,485338171,466321448,487921409,10346089,10572133,9023570,10567557,8662180,10638858,8684771,6752847,7174798,5691682,7163476,6065792,7145267,6037263
10,10,100,1,0,2,200,800,25,169942567,173438789,186673478,172869022,173551554,175164164,172821982,446667031,455335739,477236226,461738199,483338174,464321452,485921412,10724620,10713901,9343076,10714134,8986709,10779272,9010905,7492902,7456842,5938558,7456678,6321176,7476374,6273781
10,10,100,1,0,2,200,804,26,181645046,175486297,196314545,180391817,176364539,177730882,175478860,453467038,461735925,484436412,468138196,490538171,470721449,493121409,10482778,10676343,8901928,10688557,8699641,10754777,8713608,6846569,7231888,5657988,7275328,6090281,7252920,6085036
10,10,100,1,0,2,200,808,26,170820137,176948065,195249859,176059828,175586796,176491793,176273904,451067007,459735205,482435692,466138196,488538171,468721448,491121409,10835144,10791211,9103825,10820977,8930593,10873367,8973252,7637415,7529351,5847632,7543208,6398451,7517012,6383306
10,10,100,1,0,2,200,812,26,183623544,177364853,197658186,178030122,178112474,177176162,177624160,457867018,466135715,488836202,472538196,494938171,475121449,497521409,10534960,10771361,8996894,10794472,8757679,10848538,8779891,6915822,7328801,5718644,7348680,6125807,7291463,6134259
10,10,100,1,0,2,200,816,26,172303251,177226115,196263419,177321936,177024936,176892075,176208189,455467038,464135086,486835573,470538196,492938172,473121449,495521409,10931513,10882931,9238604,10901266,8995196,10973130,9060427,7649565,7593946,5937984,7608362,6462905,7594548,6385523
10,10,100,1,0,2,200,820,26,190203773,179160583,193218727,181448272,180704769,180233417,179911185,462267008,470534625,493235112,476938196,499338171,479521449,501921408,10590920,10909700,9521467,10922083,9156563,10965470,9170675,6823283,7393499,5845655,7418198,6005747,7377887,6006182
10,10,100,1,0,2,200,824,26,173990907,178478450,198089312,179145074,179276799,180178895,179283515,459867010,468536748,491237235,474938199,497338173,477521451,499921411,11059992,11025564,9375923,11036570,9189094,11122305,9219971,7818321,7677956,5996156,7661317,6447963,7696342,6424636
10,10,100,1,0,2,200,828,26,187896344,180366002,197919887,181041178,182205404,180975933,181207423,466666978,474935075,497635562,481338196,503738172,483921449,506321409,10720972,10997252,9407235,11005560,8982012,11065957,9011001,7059873,7458879,5933501,7455051,6181620,7413419,6148752
10,10,100,1,0,2,200,832,26,175351019,180258769,195676905,180215917,183464590,179835034,180182641,464267017,472935076,495635562,479338196,501738172,481921449,504321409,11130306,11082466,9551974,11088469,9035535,11175325,9075961,7656266,7550347,5926128,7547021,6168504,7533640,6141087
10,10,100,1,0,2,200,836,27,191857587,182360027,205098196,184253012,184493980,183502577,184148892,471067050,479335196,502835683,485738197,508938172,488321449,511521409,10848045,11145707,9356634,11159367,9286062,11207633,9311522,7280431,7768505,6026844,7803489,6480840,7748391,6474732
10,10,100,1,0,2,200,840,27,177077974,182046118,209808422,182629851,184418316,183016689,184205555,468666957,477335795,500836283,483738196,506938172,486321449,509521409,11231155,11158039,9222790,11166622,8972878,11234335,9030173,7709530,7589056,5898095,7590041,6264627,7569414,6260186
10,10,100,1,0,2,200,844,27,195353959,185678101,206712727,183827216,186049682,184112414,185220624,475466959,483734785,507235272,490138196,513338172,492721449,515921409,10835532,11127330,9323225,11122602,9157317,11211177,9179968,7323723,7746632,5963689,7720749,6349082,7709798,6346922
10,10,100,1,0,2,200,848,27,178492597,183557898,205055643,183826048,186134608,182870664,184833058,473066987,481735845,505236332,488138196,511338172,490721449,513921409,11340801,11266976,9443537,11282787,9078559,11368221,9145940,7772787,7653222,5991960,7652482,6329027,7656681,6274346
10,10,100,1,0,2,200,852,27,194753996,185752010,205891662,184739297,188544342,185250700,187630136,479867029,488135197,511635684,494538198,517738173,497121451,520321410,11074986,11373873,9657996,11388871,9407376,11438447,9416951,7525766,7950009,6195014,7958249,6555277,7945206,6515436
10,10,100,1,0,2,200,856,27,180098583,185024228,205708223,185135202,187259830,186174328,187136984,477466977,486135856,509636343,492538196,515738172,495121449,518321409,11467131,11397269,9633524,11400263,9259554,11490635,9308960,7810079,7785961,6138324,7791840,6417641,7837214,6401188
10,10,100,1,0,2,200,860,27,197024754,186639660,205817437,187835359,189573403,188420666,189049861,484267049,492535345,516035832,498938196,522138172,501521450,524721409,11001222,11392406,9708034,11389102,9236264,11468827,9263652,7435158,7726790,6106950,7742074,6329171,7709813,6348337
10,10,100,1,0,2,200,864,27,181978717,186878094,207199102,186952243,189378028,183888782,188910435,481867051,490536069,514036556,496938199,520138175,499521452,522721412,11600641,11568521,9841178,11586071,9570783,11644566,9595656,8158664,8069086,6287501,8064598,6622635,8077836,6577947
10,10,100,1,0,2,200,868,28,200252866,188554440,214473023,190201721,193625053,189963959,192796389,488667029,496935816,521236303,503338197,527338172,505921449,529921410,11101207,11509424,9514666,11506961,9258611,11584794,9275491,7501339,7807503,6059396,7847739,6361909,7796722,6390166
10,10,100,1,0,2,200,872,28,183483207,188422596,214527949,186709442,192367633,189944931,191206098,486266950,494934208,519234695,501338198,525338174,503921450,527921412,11700669,11657502,9656862,11653296,9538669,11752505,9560560,8147807,8135760,6204444,8122404,6691416,8153150,6678949
10,10,100,1,0,2,200,876,28,202254906,191542326,216553787,189508193,194884430,192813043,193830989,493067049,501335307,525635793,507738197,531738172,510321450,534321410,11271231,11545665,9624756,11548405,9432198,11612093,9452255,7638680,8043019,6197923,8033616,6512982,8044208,6500526
10,10,100,1,0,2,200,880,28,184964737,189901553,215542004,191355877,192749817,190526182,192451225,490667108,499335396,523635883,505738197,529738172,508321449,532321410,11767811,11679339,9716291,11687996,9377746,11783319,9430852,8006759,7949024,6206620,7961244,6472908,7956872,6455909
10,10,100,1,0,2,200,884,28,201366877,192780560,215836002,191956270,196040353,191850610,195322888,497467039,505735206,530035693,512138197,536138172,514721449,538721410,11344083,11669612,9914319,11643846,9507423,11736731,9506008,7761783,8131872,6320246,8126069,6538730,8093750,6566756
10,10,100,1,0,2,200,888,28,188499335,191395521,215140342,192335578,196739415,191597907,195593181,495067008,503735305,528035793,510138197,534138173,512721449,536721409,11879308,11809325,9852334,11802169,9441830,11893594,9481223,8067485,8028543,6251292,8025199,6524589,8023223,6508692
10,10,100,1,0,2,200,892,28,203735633,194037193,218704329,194617863,198101498,193878973,197893328,501867092,510135449,534435937,516538200,540538176,519121453,543121413,11470211,11884523,9977650,11906306,9793362,11947786,9847492,7995584,8316186,6424334,8329589,6732786,8299283,6746440
10,10,100,1,0,2,200,896,28,187869177,193088626,214715271,193198020,196740622,192706057,197095408,499466948,508136056,532436543,514538197,538538172,517121450,541121410,11993776,11929529,10092054,11931324,9578782,12019462,9642008,8162814,8166812,6326563,8181189,6400615,8148663,6376709
10,10,100,1,0,2,200,900,29,207502382,195443849,223908656,195277809,201953477,195352104,200986291,506267040,514535797,539636285,520938198,545738173,523521450,548321410,11559078,11976681,9870383,11978136,9776547,12077877,9789700,7990826,8375616,6393614,8396953,6770147,8350456,6781258
10,10,100,1,0,2,200,904,29,190213632,194859495,223534571,197522430,201309498,196140029,201133357,503867088,512536076,537636564,518938197,543738173,521521450,546321410,12021741,11970191,9844817,11990510,9624429,12038859,9658122,8377981,8323634,6325482,8377432,6703973,8354834,6685743
10,10,100,1,0,2,200,908,29,207549398,196899127,225550903,196425256,203736462,196992049,204646827,510667130,518934416,544034904,525338197,550138173,527921450,552721410,11561264,12026311,9869001,12022152,9614572,12107538,9626321,7853568,8185553,6322515,8192958,6570868,8187922,6628055
10,10,100,1,0,2,200,912,29,191489886,197066601,223374069,196933032,202344568,196757973,201796580,508267069,516934907,542035394,523338198,548138174,525921451,550721411,12218512,12170905,10157768,12196080,9921227,12269070,9972713,8549969,8536285,6585909,8533774,6911590,8561916,6878964
10,10,100,1,0,2,200,916,29,210803321,199490855,227124374,198849195,205739045,200079053,204930458,515067070,523334646,548435134,529738197,554538173,532321450,557121411,11688467,12146967,9976100,12151588,9662844,12241697,9699295,7931628,8320376,6378266,8296226,6661815,8266618,6599708
10,10,100,1,0,2,200,920,29,193129501,198399255,226185547,200970881,204733856,198320295,204709998,512666998,521335386,546435874,527738197,552538173,530321450,555121410,12324728,12291480,10167186,12282594,9970813,12391960,9999178,8608556,8604103,6605571,8619152,6936444,8600751,6919753
10,10,100,1,0,2,200,924,29,210269597,200145900,229792155,200895037,207455779,200614153,207125555,519467040,527736157,552836644,534138198,558938173,536721450,561521411,11837074,12276081,10068795,12273225,9756731,12348409,9789140,8087823,8379829,6515309,8374874,6642316,8356839,6634630
10,10,100,1,0,2,200,928,29,194364302,201654563,223919131,200003536,207063506,201747713,206376582,517067099,525735786,550836273,532138197,556938173,534721450,559521410,12278336,12241126,10354210,12229235,9871030,12348084,9912894,8558505,8570106,6621572,8520171,6767517,8532323,6749131
10,10,100,1,0,2,200,932,30,214671218,201833903,232689680,204715710,210990949,203292207,210750352,523867100,532135617,558036104,538538198,564138173,541121450,566721411,11882839,12353118,10009657,12357125,9779683,12421113,9782673,8072239,8422957,6445968,8517825,6704423,8423216,6710519
10,10,100,1,0,2,200,936,30,196058140,202274405,232425878,201767241,210343625,202408110,210138058,521467058,530135487,556035975,536538197,562138173,539121451,564721411,12381320,12353000,10116873,12376272,9832237,12422866,9869696,8656233,8620131,6505509,8599044,6825336,8628050,6803497
10,10,100,1,0,2,200,940,30,216645755,203136615,234348744,204324906,213336098,204186106,213255602,528267000,536535277,562435765,542938198,568538173,545521450,571121411,11959306,12449538,10097515,12465641,9827536,12526601,9850979,8158319,8471854,6520184,8504427,6714975,8463131,6737931
10,10,100,1,0,2,200,944,30,198106978,204871661,232714480,203882967,212509391,203809428,211728333,525866969,534535657,560436144,540938197,566538174,543521450,569121411,12510357,12453412,10261309,12455510,9937540,12553455,9971333,8718469,8724210,6633452,8701927,6910020,8708794,6838758
10,10,100,1,0,2,200,948,30,217480107,204995322,238660312,205723850,214960509,206262442,213887325,532667150,540934847,566835335,547338198,572938174,549921450,575521411,11969991,12508022,10312523,12519490,10025800,12562830,10046104,8430190,8741749,6749776,8715412,6893202,8739438,6886338
10,10,100,1,0,2,200,952,30,210526674,204451120,234473111,204853881,213475686,205861504,213568393,530266990,538935287,564835774,545338198,570938174,547921450,573521411,12606032,12550997,10349327,12556119,9988366,12627199,10035391,8779991,8724628,6699400,8735917,6892084,8732772,6861599
10,10,100,1,0,2,200,956,30,218982588,206282481,236965023,205812879,217192215,207713235,216415511,537066934,545335471,571235959,551738201,577338178,554321455,579921415,12251427,12743786,10516402,12758631,10317654,12823112,10360766,8620492,8974503,6830758,8936628,7084528,8975391,7042290
10,10,100,1,0,2,200,960,30,200571878,206243465,235102425,206045553,215727928,206353984,215680640,534667119,543335347,569235835,549738198,575338175,552321451,577921411,12824478,12749286,10576730,12746687,10060859,12856251,10081627,8736035,8710560,6803621,8703717,6780764,8716468,6771805
10,10,100,1,0,2,200,964,31,220356365,208057229,241574165,210049712,219670209,208559837,220144467,541467141,549735037,576435525,556138198,582538174,558721451,585121411,12289437,12793790,10263848,12795746,10077288,12848969,10055935,8464294,8763480,6680200,8776708,6861169,8726456,6876358
10,10,100,1,0,2,200,968,31,204452107,207864870,241580506,209437438,220310653,207875794,220361900,539067039,547736527,574437015,554138198,580538174,556721450,583121411,12966588,12922686,10493698,12947708,10297420,13011565,10319614,9139503,9035209,6876901,9078190,7177592,9059839,7158753
10,10,100,1,0,2,200,972,31,225576779,209884800,243556587,210325623,222938060,210166673,222807927,545867001,554135497,580835985,560538198,586938174,563121451,589521411,12503233,13083414,10573377,13076904,10213651,13126054,10242554,8628570,8969376,6873028,9017656,7049283,8929235,7031486
10,10,100,1,0,2,200,976,31,206168542,210571893,241661706,209966634,222983489,209647627,222004486,543467019,552134527,578835015,558538198,584938174,561121451,587521412,13100576,13043004,10644074,13042523,10351081,13174064,10386068,9209745,9189108,7005950,9191541,7267877,9190655,7216293
10,10,100,1,0,2,200,980,31,225539005,211436888,244888597,212454221,224348453,211428268,224800155,550267111,558535257,585235745,564938198,591338174,567521451,593921412,12449795,12889021,10511788,12882350,10231174,12981826,10197896,8748505,9000563,6854993,8998950,7013527,8981306,7001774
10,10,100,1,0,2,200,984,31,207313263,211149375,244117144,211239005,224087939,211800370,224872756,547867019,556535718,583236205,562938198,589338174,565521451,591921412,13157490,13064567,10569060,13078598,10192668,13156561,10224005,8993236,8913276,6851355,8925716,6974832,8934106,6946956
10,10,100,1,0,2,200,988,31,228843070,213147239,246027197,213405149,226149439,215570565,226699811,554666951,562934447,589634935,569338198,595738174,571921451,598321412,12569915,13008879,10643042,13016675,10262317,13069557,10305168,8718562,9077136,6907568,9079138,7043493,9080746,7041065
10,10,100,1,0,2,200,992,31,208759765,212972808,244228824,214920988,226016739,213583801,227521528,552266989,560935257,587635745,567338198,593738174,569921451,596321412,13245867,13161986,10717380,13148352,10262361,13280339,10271144,9044126,8978413,7000637,8980356,6945610,8982219,6968115
10,10,100,1,0,2,200,996,32,224055409,215291055,250429909,215700863,234034154,215689979,233054938,559067041,567335807,594836295,573738198,600938175,576321451,603521412,13182595,13669896,10882511,13684265,10525123,13749573,10601099,9289040,9487175,7166241,9466195,7396447,9487784,7378044
10,10,100,1,0,2,200,1000,32,209590714,214536149,250275038,214602107,231543659,214283279,231557019,556667129,565336298,592836785,571738198,598938175,574321451,601521412,13239457,13172112,10609367,13163055,10293320,13275531,10319345,9277285,9171074,6974318,9199037,7099074,9200652,7078677
10,10,100,1,0,2,200,1004,32,225912663,220191493,251944500,216798123,232261664,216905809,231493506,563467021,571735348,599235836,578138198,605338175,580721451,607921412,13278115,13760574,10973467,13760316,10723154,13848477,10794338,9274315,9535345,7239540,9531291,7512805,9476254,7440044
10,10,100,1,0,2,200,1008,32,211419499,216385125,251748927,217563324,232229762,216046583,233009519,561067080,569735288,597235776,576138198,603338175,578721451,605921412,13912746,13842122,11015931,13847755,10805735,13951205,10802294,9704698,9579194,7275105,9593821,7463224,9581054,7496075
10,10,100,1,0,2,200,1012,32,225429666,218381863,256206123,219000965,236768515,219492095,237184520,567867091,576135328,603635816,582538198,609738175,585121452,612321412,13022881,13404637,10630638,13408395,10253383,13488767,10264017,9061733,9140713,7001625,9156865,7039563,9153371,7015626
10,10,100,1,0,2,200,1016,32,212447613,218204905,255624316,217339683,237087410,218515164,238583380,565467120,574135278,601635767,580538199,607738175,583121451,610321413,13590355,13500569,10757980,13514905,10353416,13615052,10357514,9280031,9264599,7061346,9222459,7081967,9269704,7092124
10,10,100,1,0,2,200,1020,32,215107911,219300950,256107309,219940904,238418699,221114493,238129771,572266920,580536028,608036516,586938199,614138175,589521451,616721413,13649454,13615160,11078396,13609097,10713670,13745680,10773406,9544833,9536545,7171474,9542118,7303737,9578315,7273830
10,10,100,1,0,2,200,1024,32,213061475,220953344,260247622,217758874,237674276,215847413,237964513,569867033,578535211,606035699,584938201,612138178,587521454,614721415,13651100,13760155,11086950,13754084,10598508,13765092,10617520,9565476,9713066,7294476,9693287,6237717,9629447,6239020
